Company,Group,Prev Close (Rs),Current Price (Rs),% Change
Innokaiz India,MT,78.00,155.61,+ 99.50
Neuland Laborat,B,"2,116.80","2,540.15",+ 20.00
Kirloskar Bros.,B,423.10,507.70,+ 20.00
Simplex Papers Ltd.,X,17.25,20.70,+ 20.00
De Nora India Ltd.,B,"1,116.20","1,339.40",+ 20.00
Ashiana Ispat,X,31.52,37.82,+ 19.99
Netlink Solutions (I,X,84.98,101.97,+ 19.99
Advance Metering Tec,X,18.62,22.34,+ 19.98
Indong Tea Company L,M,14.08,16.89,+ 19.96
Modison L,B,62.07,72.50,+ 16.80
Venlon Enterprises,X,4.82,5.59,+ 15.98
Atam Valves,B,223.75,258.50,+ 15.53
Saven Technologies L,X,36.92,42.60,+ 15.38
Ishaan Infrastru,X,3.09,3.55,+ 14.89
Sastasundar Ventures,B,236.80,269.50,+ 13.81
Superior Finlease,X,1.50,1.70,+ 13.33
Mohit Industries,B,15.00,16.88,+ 12.53
Vascon Engineers Ltd,B,31.92,35.90,+ 12.47
SM Auto Stamping,M,51.00,56.99,+ 11.75
Ind. Inv Trust,B,89.50,100.01,+ 11.74
GE T&D India,B,198.55,219.85,+ 10.73
Refex Industries,B,319.20,353.35,+ 10.70
Waa Solar,M,39.30,43.50,+ 10.69
Clara Industries,M,200.50,221.45,+ 10.45
Markolines Pavement,M,114.90,126.80,+ 10.36
Zim Laboratories,B,75.80,83.38,+ 10.00
Eimco Elecon Ind,B,586.15,644.75,+ 10.00
R T Exports Ltd.,X,24.20,26.62,+ 10.00
WelspunInvestments,B,312.05,343.25,+ 10.00
Gujarat Poly Electro,X,40.05,44.05,+ 9.99
CCL International Lt,X,22.64,24.90,+ 9.98
Inducto Steel Li,X,33.88,37.26,+ 9.98
Shemaroo Entertainme,B,129.70,142.65,+ 9.98
Exhicon Events Media,MT,104.85,115.30,+ 9.97
Genus Prime Infra Lt,X,10.23,11.25,+ 9.97
Cybele Industries Lt,X,16.28,17.90,+ 9.95
Sagar Productions,X,2.82,3.10,+ 9.93
Shree Karthik Pa,X,6.67,7.33,+ 9.90
Sharpline Broadcast,X,6.16,6.77,+ 9.90
Mukat Pipes,X,6.57,7.22,+ 9.89
Otco Internation,X,4.75,5.22,+ 9.89
GTL Infrastructure,A,0.81,0.89,+ 9.88
Ajcon Global Service,X,30.25,33.20,+ 9.75
MPDL,X,23.66,25.95,+ 9.68
Sirca Paints India,B,307.95,337.60,+ 9.63
Summit Securities,B,611.90,670.15,+ 9.52
Indo National,B,320.70,351.00,+ 9.45
TeamLease Service,A,"2,076.05","2,272.20",+ 9.45
Chandra Bhagat Pharm,M,119.90,131.00,+ 9.26
Mazda Ltd.,B,668.25,730.00,+ 9.24
Sanofi India,A,"5,698.60","6,210.05",+ 8.98
Dev Labtech Venture,M,61.41,66.89,+ 8.92
United Van Der,X,126.70,138.00,+ 8.92
Manorama Industries,B,"1,194.20","1,300.00",+ 8.86
TD Power Systems Ltd,B,177.95,193.60,+ 8.79
Gini Silk Mills,X,38.60,41.98,+ 8.76
Shervani Ind.Syn,X,454.70,493.90,+ 8.62
Pro Fin Capital Serv,X,1.17,1.27,+ 8.55
Lehar Footwears,X,92.32,100.13,+ 8.46
Sat Industries Ltd.,B,64.83,70.30,+ 8.44
Graviss Hospitality,X,25.86,28.04,+ 8.43
SV Global Mill Ltd.,X,59.73,64.75,+ 8.40
Solara Active Pharma,A,380.25,411.45,+ 8.21
Menon Bearings L,B,121.40,131.25,+ 8.11
B N Rathi Securities,X,39.35,42.50,+ 8.01
Atishay L,X,28.71,31.00,+ 7.98
Niyogin Fintech,X,46.04,49.69,+ 7.93
Bloom Industries,X,22.01,23.75,+ 7.91
Comfort Commotrade L,X,19.01,20.50,+ 7.84
Rushil Decor Ltd.,B,265.35,285.85,+ 7.73
Ugro Capital,B,198.80,214.10,+ 7.70
P M Telelinks Ltd.,X,6.50,7.00,+ 7.69
Polychem,X,"1,043.75","1,122.80",+ 7.57
Silicon Rental Solut,M,162.00,174.00,+ 7.41
The Investment Trust,B,95.97,103.06,+ 7.39
Raj Packaging In,X,49.27,52.90,+ 7.37
CMS Info Systems,A,293.40,315.00,+ 7.36
Rico Auto Inds.,B,70.25,75.40,+ 7.33
TGV SRAAC,B,105.55,113.15,+ 7.20
Parnax Lab L,X,68.17,73.00,+ 7.09
Novartis,B,628.30,672.80,+ 7.08
CLIO Infotech,X,4.74,5.07,+ 6.96
Ador Welding Ltd.,B,"1,031.50","1,101.00",+ 6.74
Cholamandalam Financ,A,716.95,764.95,+ 6.70
BNR Udyog,X,38.02,40.50,+ 6.52
Banco Products,B,254.70,271.20,+ 6.48
Cravatex,X,304.30,324.00,+ 6.47
Manaksia Ltd.,B,133.85,142.50,+ 6.46
Parag Milk Foods,B,93.87,99.92,+ 6.45
Tarmat L,B,71.99,76.60,+ 6.40
Nitin Castings,X,378.15,402.30,+ 6.39
Amanaya Ventures,M,11.75,12.50,+ 6.38
Syschem (India),X,46.79,49.75,+ 6.33
Suryoday Small Finan,B,113.90,121.10,+ 6.32
Racl Geartech,X,938.80,998.00,+ 6.31
Jaipan Industrie,X,30.11,31.99,+ 6.24
Addi Industries,X,31.00,32.90,+ 6.13
Take Solutions Ltd.,B,17.64,18.72,+ 6.12
Milestone Global,X,17.91,19.00,+ 6.09
Camex Ltd.,X,23.56,24.98,+ 6.03
Aarnav Fashions,X,35.37,37.50,+ 6.02
TCI Ltd.,A,633.90,672.00,+ 6.01
Aartech Solonics,M,71.00,75.25,+ 5.99
Nalin Lease Fina,X,32.08,34.00,+ 5.99
PAE,X,6.03,6.39,+ 5.97
Windsor Machines,B,41.90,44.40,+ 5.97
Crane Infrastructure,X,12.27,13.00,+ 5.95
Paramount Cosmet,X,34.01,36.00,+ 5.85
Ceat Ltd.,A,"1,731.65","1,833.00",+ 5.85
Palash Securities,B,112.45,119.00,+ 5.82
Ratnamani Metals,A,"2,244.30","2,374.25",+ 5.79
Suprajit Enginee,A,381.15,403.20,+ 5.79
Jet Freight Logistic,B,10.45,11.05,+ 5.74
Balu Forge Industrie,X,108.51,114.72,+ 5.72
Thangamayil Jeweller,B,"1,065.55","1,126.50",+ 5.72
Svaraj Trd & Age,X,5.77,6.10,+ 5.72
Shristi Infrastructu,X,21.51,22.73,+ 5.67
Indian Terrain Fashi,B,55.38,58.50,+ 5.63
Wagend Infra Venture,X,0.71,0.75,+ 5.63
Gujarat Gas,A,463.00,489.00,+ 5.62
Linc L,B,620.95,655.70,+ 5.60
Bengal & Assam Compa,A,"3,649.95","3,850.00",+ 5.48
SAB Industries,X,73.01,76.98,+ 5.44
Kuberan Global Edu,MS,15.80,16.65,+ 5.38
Just Dial,A,669.35,705.30,+ 5.37
Kamanwala Housing Co,X,8.40,8.85,+ 5.36
Ecoplast L,X,84.00,88.50,+ 5.36
Gillanders Arbut,B,70.57,74.33,+ 5.33
Vodafone Idea L,A,6.76,7.12,+ 5.33
PPAP Automotive,B,192.75,203.00,+ 5.32
Quess Corp,A,368.45,388.05,+ 5.32
Shree Pacetronix,X,132.00,139.00,+ 5.30
Ladderup Finance,X,18.37,19.34,+ 5.28
Kirloskar Oil Engine,A,388.50,409.00,+ 5.28
Ram Info,X,102.60,108.00,+ 5.26
SBL Infratech,M,68.60,72.20,+ 5.25
Mayur Uniquoters,B,487.85,513.35,+ 5.23
P H Capital Ltd.,X,65.73,69.15,+ 5.20
Greaves Cotton,A,153.80,161.80,+ 5.20
Shree Precoated Stee,X,17.68,18.60,+ 5.20
Gyscoal Alloys Ltd.,B,2.70,2.84,+ 5.19
KEI Industries,A,"1,974.90","2,077.20",+ 5.18
Tierra Agrotech,X,129.45,136.15,+ 5.18
Martin Burn Ltd.,X,39.55,41.56,+ 5.08
Tasty Bite,B,"9,114.25","9,575.00",+ 5.06
Bright Outdoor Media,M,154.00,161.75,+ 5.03
Kirloskar Elect,B,112.25,117.88,+ 5.02
Rungta Irrigatio,XT,74.07,77.77,+ 5.00
Asso. Ceramics,XT,30.81,32.35,+ 5.00
Sarup Industries,XT,22.00,23.10,+ 5.00
Macfos,M,316.15,331.95,+ 5.00
SVP Housing,M,58.44,61.36,+ 5.00
Sanblue Corporation,X,25.00,26.25,+ 5.00
Standard Capital,XT,80.08,84.08,+ 5.00
Shah Foods Ltd.,X,45.20,47.46,+ 5.00
Remedium Lifecare,XT,"2,134.80","2,241.50",+ 5.00
Orchid Pharma,T,395.00,414.75,+ 5.00
Simplex Mills Co Ltd,X,23.00,24.15,+ 5.00
Kakatiya Textile,XT,39.81,41.80,+ 5.00
Retina Paints,MT,30.00,31.50,+ 5.00
Integrated Tech,XT,69.63,73.11,+ 5.00
Inter Globe Fin.,X,18.20,19.11,+ 5.00
K&R Rail Engineering,XT,492.45,517.05,+ 5.00
Suchitra Fin & Trade,X,45.64,47.92,+ 5.00
Naturite Agro Pr,X,95.44,100.21,+ 5.00
Madhuveer Com 18 Net,XT,27.60,28.98,+ 5.00
SKM Egg Produc,B,146.00,153.30,+ 5.00
Som Datt Finance,XT,147.10,154.45,+ 5.00
Kapil Cotex,XT,94.68,99.41,+ 5.00
Deccan Bearings,XT,46.00,48.30,+ 5.00
Pankaj Piyush Trade,XT,68.00,71.40,+ 5.00
Relic Technologi,X,17.40,18.27,+ 5.00
Electrosteel Cas,B,43.79,45.98,+ 5.00
Sudev Industries,XT,26.80,28.14,+ 5.00
Roselabs Finance,X,29.40,30.87,+ 5.00
Suryalata Spg.,X,"1,249.20","1,311.65",+ 5.00
ABC Gas (Internation,XT,35.20,36.96,+ 5.00
Nikhil Adhesives,X,134.35,141.05,+ 4.99
GI Engineering Solut,T,28.07,29.47,+ 4.99
National Oxygen,X,84.59,88.81,+ 4.99
Sprayking Agro Equip,M,102.60,107.72,+ 4.99
Edvenswa Enterprises,X,42.85,44.99,+ 4.99
Chemtech Industrial,X,29.67,31.15,+ 4.99
Arman Holdings Ltd.,X,63.72,66.90,+ 4.99
Global Offshore Ser,X,33.69,35.37,+ 4.99
Last Mile Enterprise,XT,78.92,82.86,+ 4.99
Hemadri Cements,XT,15.82,16.61,+ 4.99
Kamdhenu Ispat,B,342.85,359.95,+ 4.99
Canopy Finance,X,90.99,95.53,+ 4.99
Leading Leasing Fin,X,4.21,4.42,+ 4.99
Khandelwal Extra,XT,37.67,39.55,+ 4.99
Dutron Polymers,XT,122.15,128.25,+ 4.99
Mediaone Global Ente,X,43.30,45.46,+ 4.99
Kesar Terminals & In,X,38.47,40.39,+ 4.99
Soma Textiles,T,19.62,20.60,+ 4.99
Andhra Cement,T,57.68,60.56,+ 4.99
Magnum Ventures Ltd.,B,34.04,35.74,+ 4.99
Quest Softech (India,X,64.09,67.29,+ 4.99
Delphi World Money,B,335.65,352.40,+ 4.99
SPS Finquest,T,87.96,92.35,+ 4.99
Rap Media,XT,26.86,28.20,+ 4.99
Inani Securities,XT,19.45,20.42,+ 4.99
Padmanabh Alloys,XT,29.66,31.14,+ 4.99
Titaanium Ten Enterp,M,25.46,26.73,+ 4.99
Archidply Decor,T,71.31,74.87,+ 4.99
Amit Internation,Z,4.01,4.21,+ 4.99
Kamadgiri Fashion,X,66.67,70.00,+ 4.99
Batliboi Ltd.,X,93.14,97.79,+ 4.99
Waaree Technologies,M,301.50,316.55,+ 4.99
RMC Switchgears,M,340.80,357.80,+ 4.99
Swarna Securitie,X,86.10,90.40,+ 4.99
Shamrock Industr,XT,4.41,4.63,+ 4.99
Prime Industries,Z,43.06,45.21,+ 4.99
Titan Intech,XT,51.71,54.29,+ 4.99
Pentokey Organy,X,49.86,52.35,+ 4.99
Cindrella Hotels,X,46.50,48.82,+ 4.99
Brightcom Group,A,13.02,13.67,+ 4.99
Coromandel Engg.,X,37.89,39.78,+ 4.99
Marg Techno Projects,X,16.46,17.28,+ 4.98
Phaarmasia Ltd.,XT,24.28,25.49,+ 4.98
Sanchay Finvest,XT,5.02,5.27,+ 4.98
Ritesh Internati,XT,54.99,57.73,+ 4.98
The Phosphate Co.,X,130.50,137.00,+ 4.98
Spenta International,X,138.50,145.40,+ 4.98
Binani Industrie,B,23.29,24.45,+ 4.98
Vikalp Securitie,XT,12.65,13.28,+ 4.98
Lorenzini Apparels,B,171.60,180.15,+ 4.98
Vantage Knowledge,XT,162.65,170.75,+ 4.98
SVJ Enterprises,M,39.58,41.55,+ 4.98
S & T Corporation Lt,XT,41.74,43.82,+ 4.98
Mega Nirman & Indust,X,15.05,15.80,+ 4.98
Spice Islands Ap,X,21.87,22.96,+ 4.98
IB Infotech,XT,186.90,196.20,+ 4.98
Khandwala Securi,B,33.92,35.61,+ 4.98
Mehta Housing Fi,XT,128.75,135.15,+ 4.97
Vapi Enterprise,XT,72.50,76.10,+ 4.97
SC Agrotech Ltd.,XT,9.45,9.92,+ 4.97
Trivikrama Indus,MT,20.94,21.98,+ 4.97
Simplex Realty,X,70.69,74.20,+ 4.97
Pooja Entertainment,XT,161.00,169.00,+ 4.97
Adinath Exim Res,XT,15.70,16.48,+ 4.97
Enbee Trade & Fi,XT,16.72,17.55,+ 4.96
Available Finance Lt,X,157.15,164.95,+ 4.96
Alfa Transformer,X,26.79,28.12,+ 4.96
Adjia Technologies,MS,33.90,35.58,+ 4.96
Raama Paper Mills,XT,17.35,18.21,+ 4.96
Captain Pipes Ltd.,M,23.59,24.76,+ 4.96
Super Bakers (India),X,19.95,20.94,+ 4.96
Hybrid Financial Ser,B,10.68,11.21,+ 4.96
India Finsec Ltd.,X,21.18,22.23,+ 4.96
SBI Cards and Pay,A,824.20,865.00,+ 4.95
RLF Ltd.,XT,6.66,6.99,+ 4.95
Vitesse Agro L,Z,19.18,20.13,+ 4.95
ATV Projects,XT,7.68,8.06,+ 4.95
Mena Mani Industries,X,14.33,15.04,+ 4.95
Virgo Global,X,11.94,12.53,+ 4.94
Santosh Fine - F,XT,12.76,13.39,+ 4.94
Wires and Fabriks (S,X,138.55,145.40,+ 4.94
Jayabharat Credi,X,4.66,4.89,+ 4.94
Heera Ispat Ltd.,Z,7.70,8.08,+ 4.94
Evexia Lifecare,XT,2.84,2.98,+ 4.93
Eveready Industr,A,314.60,330.10,+ 4.93
Polo Hotels,XT,11.16,11.71,+ 4.93
Mahesh Developers,X,12.16,12.76,+ 4.93
Goldstone Tech,B,58.80,61.70,+ 4.93
Uniroyal Marine,XT,11.36,11.92,+ 4.93
JMJ Fintech,XT,15.63,16.40,+ 4.93
Galada Finance,XT,8.52,8.94,+ 4.93
Bartronics India Ltd,Z,7.91,8.30,+ 4.93
Shukra Jewellery,P,4.46,4.68,+ 4.93
Sunraj Diamonds,Z,6.10,6.40,+ 4.92
Hemo Organic,X,9.76,10.24,+ 4.92
Duke Offshore Lt,X,6.91,7.25,+ 4.92
J D Orgochem,X,5.90,6.19,+ 4.92
Ironwood Education,XT,27.83,29.20,+ 4.92
Pulsar Internati,XT,92.50,97.05,+ 4.92
Le Lavoir,XT,68.05,71.40,+ 4.92
My Money Securit,XT,9.95,10.44,+ 4.92
Beryl Securities,XT,10.56,11.08,+ 4.92
Caspian Corporate Se,X,21.56,22.62,+ 4.92
BSEL Infra. Realty,X,5.08,5.33,+ 4.92
Multipurpose Trading,XT,8.35,8.76,+ 4.91
Escorts Finance,XT,6.72,7.05,+ 4.91
IndiaNivesh,X,56.05,58.80,+ 4.91
Carnation Indust,X,8.16,8.56,+ 4.90
Rama Petrochem,X,4.08,4.28,+ 4.90
Arunjyoti Bio Ventur,XT,183.05,192.00,+ 4.89
Cella Space Ltd.,Z,8.38,8.79,+ 4.89
Adani Enterprises Lt,A,"1,892.10","1,984.60",+ 4.89
ICL Organic Dairy,M,46.53,48.80,+ 4.88
Saffron Industries L,XT,4.30,4.51,+ 4.88
EMA India Ltd.,X,22.15,23.23,+ 4.88
Marsons Ltd.,Z,6.35,6.66,+ 4.88
Vintage Coffee,X,32.45,34.03,+ 4.87
Jetking Infotrain Lt,X,40.05,42.00,+ 4.87
Vivanta Industries,X,8.25,8.65,+ 4.85
Royal India Corp,XT,3.92,4.11,+ 4.85
Indowind Energy Ltd.,B,11.58,12.14,+ 4.84
Maruti Securitie,XT,5.99,6.28,+ 4.84
Ras Resorts,X,32.90,34.49,+ 4.83
S & S Power Switch,T,26.00,27.25,+ 4.81
Disha Resources,X,8.11,8.50,+ 4.81
Wonder Electricals,B,228.05,239.00,+ 4.80
Alkosign Ltd.,M,73.00,76.50,+ 4.79
Mystic Electronics,X,2.92,3.06,+ 4.79
S R Industries L,XT,1.67,1.75,+ 4.79
Shyamkamal Inves,X,3.56,3.73,+ 4.78
Minolta Finance,Z,9.20,9.64,+ 4.78
KJMC Financial Serv.,X,36.27,38.00,+ 4.77
Kuwer Industries,X,7.35,7.70,+ 4.76
Jhaveri Credits,XT,84.00,88.00,+ 4.76
GCM Capital Advisors,M,3.99,4.18,+ 4.76
JR Foods Ltd,XT,3.15,3.30,+ 4.76
Synergy Green Ind,B,135.75,142.20,+ 4.75
Kumbhat Financia,XT,16.84,17.64,+ 4.75
Bombay Talkies Ltd.,XT,3.59,3.76,+ 4.74
Ovobel Foods Ltd,XT,176.40,184.75,+ 4.73
Vakrangee,A,17.11,17.92,+ 4.73
Suryo Foods & In,XT,8.04,8.42,+ 4.73
Raghuvir Synth.,X,113.15,118.50,+ 4.73
Brahmaputra Infra,X,30.50,31.94,+ 4.72
Innovative Ideals,M,2.97,3.11,+ 4.71
AvanceTechnologies,XT,0.85,0.89,+ 4.71
Naturo Indiabull,M,12.56,13.15,+ 4.70
Risa International L,XT,0.64,0.67,+ 4.69
Kaycee Inds.,X,"8,405.90","8,800.00",+ 4.69
IFGL Refractories,B,239.95,251.20,+ 4.69
IITL Projects,X,16.29,17.05,+ 4.67
Sibar Auto Parts,X,7.93,8.30,+ 4.67
Radha Madhav Corpora,Z,2.14,2.24,+ 4.67
TCM Ltd.,XT,37.55,39.30,+ 4.66
Jay Bharat Marut,B,165.25,172.95,+ 4.66
Nidhi Granites L,XT,95.93,100.38,+ 4.64
Amba Enterprises,X,68.01,71.16,+ 4.63
Tips Films,B,412.55,431.65,+ 4.63
Regis Industries,XT,59.26,62.00,+ 4.62
Gogia Capital Servic,XT,77.43,81.00,+ 4.61
Unitech Internationa,X,6.31,6.60,+ 4.60
Rubfila Internationa,X,73.02,76.38,+ 4.60
Guj. Industries,B,92.95,97.23,+ 4.60
Kirloskar Industries,B,"2,579.55","2,698.30",+ 4.60
KBC Global,T,2.18,2.28,+ 4.59
Sarla Performance Fi,B,39.95,41.78,+ 4.58
Worldwide Aluminium,XT,13.39,14.00,+ 4.56
GSFC,A,168.00,175.65,+ 4.55
Gujarat Credit Corp,XT,22.00,23.00,+ 4.55
Indag Rubber,X,147.20,153.90,+ 4.55
G V Films,X,0.44,0.46,+ 4.55
Vision Cinemas L,X,0.88,0.92,+ 4.55
Elecon Engg.,A,436.25,456.00,+ 4.53
Hawa Engineers L,XT,84.17,87.95,+ 4.49
Igarashi Motors Indi,B,395.50,413.25,+ 4.49
Ballarpur Ind.,Z,0.67,0.70,+ 4.48
Gowra Leasing &,XT,20.10,21.00,+ 4.48
Pix Transmission,B,756.10,790.00,+ 4.48
Beeyu Overseas,X,2.01,2.10,+ 4.48
Dhanada Corporation,XT,3.35,3.50,+ 4.48
Prakash Indus.,B,54.68,57.12,+ 4.46
Raghunath Intern,XT,11.66,12.18,+ 4.46
Allied Digital Servi,B,85.43,89.24,+ 4.46
Imagicaaworld Entert,B,44.48,46.46,+ 4.45
Chembond Chemica,B,291.55,304.50,+ 4.44
Transwarranty Financ,B,9.00,9.40,+ 4.44
Taaza International,X,13.50,14.10,+ 4.44
Haria Apparels,X,4.29,4.48,+ 4.43
Ramgopal Polytex,XT,4.31,4.50,+ 4.41
J A Finance,X,38.11,39.79,+ 4.41
Unistar Multimedia,X,27.19,28.39,+ 4.41
Shreyas Intermed,X,8.85,9.24,+ 4.41
Galada Power & T,Z,1.82,1.90,+ 4.40
Syrma SGS Technology,B,288.90,301.60,+ 4.40
Unjha Formulatio,X,13.21,13.79,+ 4.39
Switching Tech.,X,30.04,31.36,+ 4.39
Indostar Capital Fin,T,136.85,142.85,+ 4.38
Wallfort Financi,X,47.90,50.00,+ 4.38
AGI Greenpac,A,552.35,576.50,+ 4.37
KMC Speciality Hospi,B,60.59,63.23,+ 4.36
Frontier Capital,Z,2.99,3.12,+ 4.35
Essar Shipping,B,8.50,8.87,+ 4.35
CARE Ratings,B,658.30,686.95,+ 4.35
Kreon Financial Serv,X,36.43,38.00,+ 4.31
Choksi Lab. Ltd,X,40.88,42.64,+ 4.31
Nelco Ltd,B,595.95,621.65,+ 4.31
MPS Ltd.,B,842.80,879.00,+ 4.30
Anubhav Infrastructu,XT,10.95,11.42,+ 4.29
Polycon Internat,X,14.29,14.90,+ 4.27
Rathi Bars Ltd.,X,24.44,25.48,+ 4.26
DCB Bank,A,111.70,116.45,+ 4.25
Advait Infratech,M,287.75,299.95,+ 4.24
Gala Global Products,X,8.75,9.12,+ 4.23
Ritco Logistics,B,175.00,182.40,+ 4.23
Hindusthan Urban Inf,X,"2,045.00","2,131.40",+ 4.22
Abirami Financia,Z,22.74,23.70,+ 4.22
RTS Power Corpor,X,129.35,134.80,+ 4.21
Greenpanel Industrie,A,317.95,331.35,+ 4.21
Bikaji Foods Inter,B,370.30,385.85,+ 4.20
Filatex Fashions,X,11.90,12.40,+ 4.20
Precision Containeur,XT,1.19,1.24,+ 4.20
Zodiac Energy,B,114.20,119.00,+ 4.20
Money Masters Leasin,M,27.35,28.50,+ 4.20
Diksha Greens,M,2.86,2.98,+ 4.20
HG Infra Engineering,A,910.65,948.80,+ 4.19
Amco India,X,56.12,58.47,+ 4.19
HB Leasing,XT,3.35,3.49,+ 4.18
MediCaps,X,37.77,39.35,+ 4.18
Tirth Plastic Ltd.,XT,0.72,0.75,+ 4.17
Ortel Communications,Z,0.96,1.00,+ 4.17
India Glycols,A,573.05,596.85,+ 4.15
LKP Securities,X,11.82,12.31,+ 4.15
Remsons Industri,B,217.75,226.70,+ 4.11
Aanchal Ispat Ltd.,X,14.61,15.21,+ 4.11
Indiabulls Real Esta,A,55.52,57.80,+ 4.11
Sheshadri Industries,X,14.65,15.25,+ 4.10
Evoq Remedies,M,13.45,14.00,+ 4.09
HMT Ltd.,Z,25.22,26.25,+ 4.08
Motilal Oswal Financ,A,633.75,659.60,+ 4.08
Oswal Agro Mills,B,31.21,32.48,+ 4.07
Panorama Studios Int,X,153.70,159.95,+ 4.07
Real Eco-Energy,XT,30.49,31.73,+ 4.07
Country Club Hospita,B,7.15,7.44,+ 4.06
Jamshri Realty,X,"3,950.00","4,110.00",+ 4.05
Sumeru Industries Lt,XT,1.48,1.54,+ 4.05
Vivo Bio Tech Ltd.,X,22.47,23.38,+ 4.05
TeleCanor Global Ltd,X,6.20,6.45,+ 4.03
Guj. State Finan,T,6.49,6.75,+ 4.01
Landmark Cars,B,644.10,669.90,+ 4.01
TPL Plastech Ltd.,B,32.89,34.21,+ 4.01
Tyche Industries,X,170.95,177.80,+ 4.01
UR Sugar Industries,B,13.21,13.74,+ 4.01
Ceinsys Tech,X,150.85,156.90,+ 4.01
TV Vision,B,2.25,2.34,+ 4.00
Rail Vikas Nigam,A,121.90,126.75,+ 3.98
Raaj Medisafe India,P,44.63,46.40,+ 3.97
Schneider Electric,A,182.75,190.00,+ 3.97
Evans Electric,M,129.85,135.00,+ 3.97
Patspin India,X,13.11,13.63,+ 3.97
DCM Nouvelle,B,152.70,158.75,+ 3.96
Sambandam Spinni,X,138.00,143.45,+ 3.95
Exxaro Tiles,B,125.50,130.45,+ 3.94
Stylam Industries,B,"1,396.65","1,451.50",+ 3.93
Vikas Proppant & Gra,Z,0.51,0.53,+ 3.92
Future Lifestyle,Z,5.36,5.57,+ 3.92
Gujarat Narmada Vall,A,599.45,622.90,+ 3.91
Ind Bank Housing,B,27.86,28.95,+ 3.91
Kohinoor Foods Ltd.,B,39.74,41.28,+ 3.88
Ambition Mica,B,5.41,5.62,+ 3.88
Ashok Alco-Chem,X,90.49,94.00,+ 3.88
Shriram Properties,B,64.01,66.49,+ 3.87
Alps Industries,B,1.81,1.88,+ 3.87
OnMobile Global Ltd.,A,68.67,71.33,+ 3.87
Mohit Paper Mill,XT,18.63,19.35,+ 3.86
Scan Steels,X,31.20,32.40,+ 3.85
Niraj Cement Structu,B,28.55,29.65,+ 3.85
National Plastic Tec,X,112.15,116.45,+ 3.83
Bright Brothers,X,154.10,160.00,+ 3.83
SJS Enterprises,B,459.05,476.65,+ 3.83
Jeevan Scientific,X,52.88,54.90,+ 3.82
Kaynes Technology In,B,974.65,"1,011.80",+ 3.81
Super Sales India,X,818.80,850.00,+ 3.81
GTN Textiles,X,11.60,12.04,+ 3.79
Emami Paper Mill,B,124.40,129.10,+ 3.78
SGN Telecoms Ltd.,XT,0.53,0.55,+ 3.77
Kalyani Forge,T,249.40,258.80,+ 3.77
ResGen,M,48.58,50.40,+ 3.75
Rossell India,B,260.15,269.90,+ 3.75
Gokak Textiles,X,26.15,27.13,+ 3.75
Envair Electrodyne,X,75.19,78.00,+ 3.74
Jyoti Resins & A,B,"1,529.70","1,586.70",+ 3.73
Beekay Niryat,X,57.36,59.50,+ 3.73
Jainex Aamcol,XT,125.15,129.80,+ 3.72
Suratwwala Business,B,193.95,201.15,+ 3.71
Birla Tyres,T,4.58,4.75,+ 3.71
Bacil Pharma,XT,5.40,5.60,+ 3.70
B2B Soft.Tech.Ltd.,XT,27.00,28.00,+ 3.70
GEE Ltd.,X,71.91,74.56,+ 3.69
Tejnaksh Healthcare,B,72.67,75.35,+ 3.69
Pan India Corporatio,XT,1.90,1.97,+ 3.68
Orient Tradelink,X,10.60,10.99,+ 3.68
Mafatlal Ind,X,53.58,55.55,+ 3.68
Super Crop Safe,X,5.17,5.36,+ 3.68
Relaxo Footwears,A,868.25,900.00,+ 3.66
Regency Ceramics,T,24.65,25.55,+ 3.65
Kisan Mouldings,X,9.04,9.37,+ 3.65
Kirloskar Ferrou,A,440.00,456.05,+ 3.65
Silver Oak Commerci.,Z,2.75,2.85,+ 3.64
Octal Credit Capital,X,17.84,18.49,+ 3.64
Campus Activewear,B,363.60,376.80,+ 3.63
Greenlam Industries,B,304.85,315.90,+ 3.62
Guj. Petrosynthe,XT,34.45,35.69,+ 3.60
Oriental Hotels,B,93.34,96.70,+ 3.60
Panth Infinity,X,8.07,8.36,+ 3.59
Banas Finance Lt,X,13.64,14.13,+ 3.59
Jai Balaji Industrie,B,76.21,78.94,+ 3.58
Manomay Tex India,B,141.20,146.25,+ 3.58
Dish TV India Ltd.,A,15.69,16.25,+ 3.57
Goldline Intl.,Z,0.56,0.58,+ 3.57
Bal Pharma Ltd,B,82.10,85.03,+ 3.57
Mold-Tek Technologi.,B,300.80,311.50,+ 3.56
Wardwizard Innovatio,A,49.53,51.29,+ 3.55
Albert David Ltd,B,572.10,592.35,+ 3.54
Odyssey Technolo,X,70.84,73.35,+ 3.54
Medinova Diagnostic,XT,23.28,24.10,+ 3.52
Kavveri Telecom Prod,B,5.15,5.33,+ 3.50
Anuroop Packaging Lt,B,30.40,31.46,+ 3.49
Computer Point,X,2.58,2.67,+ 3.49
Guj. Craft Indus,X,76.82,79.49,+ 3.48
Vani Commercials,X,11.50,11.90,+ 3.48
Econo Trade (India),X,8.08,8.36,+ 3.47
CG Power and Indust,A,315.75,326.70,+ 3.47
K P Energy Ltd.,B,181.70,188.00,+ 3.47
Phoenix Intl.,XT,21.70,22.45,+ 3.46
Virtual Global Edu,X,0.87,0.90,+ 3.45
Contil India,X,87.00,90.00,+ 3.45
Chowgule Steam.,XT,14.50,15.00,+ 3.45
Garware Marine,X,8.69,8.99,+ 3.45
Ramchandra Leasing,X,0.87,0.90,+ 3.45
Shilp Gravures L,X,98.02,101.40,+ 3.45
Axel Polymers Li,XT,42.99,44.47,+ 3.44
Trishakti Electr,X,67.24,69.55,+ 3.44
TVS Srichakra Lt,B,"3,052.05","3,157.15",+ 3.44
Shubham Polyspin,B,22.50,23.27,+ 3.42
Ceeta Industries,XT,20.79,21.50,+ 3.42
Zenith Healthcare,XT,4.12,4.26,+ 3.40
ANG Lifesciences Ind,B,80.95,83.70,+ 3.40
GP Petroleums,B,36.49,37.73,+ 3.40
Walchand Peoplefirst,X,115.00,118.90,+ 3.39
Apollo Finvest,X,558.10,577.00,+ 3.39
Jost's Engg.,X,251.45,259.95,+ 3.38
ZF Steering Gear,X,618.25,639.00,+ 3.36
Retro Green Revoluti,X,8.39,8.67,+ 3.34
Mac Charles,X,451.00,466.00,+ 3.33
HLV L,B,11.14,11.51,+ 3.32
Tuticorin Alk.,X,53.14,54.90,+ 3.31
Inspirisys Solutions,B,52.95,54.70,+ 3.31
Glenmark Life Scienc,A,523.70,541.00,+ 3.30
Supremex Shine Steel,XT,8.23,8.50,+ 3.28
KDDL Ltd.,B,"1,121.40","1,158.20",+ 3.28
Sandhar Technologies,B,233.30,240.90,+ 3.26
SVS Ventures,M,7.08,7.31,+ 3.25
Polyspin Exports,X,55.21,57.00,+ 3.24
Odyssey Corporation,X,6.78,7.00,+ 3.24
Cosyn L,X,26.00,26.84,+ 3.23
Sadbhav Engineering,B,10.85,11.20,+ 3.23
Royale Manor Hot,XT,37.29,38.49,+ 3.22
Tai Industries L,X,42.52,43.89,+ 3.22
Kachchh Minerals Ltd,X,24.21,24.99,+ 3.22
Asian Paints Ltd.,A,"3,040.65","3,138.60",+ 3.22
Croissance,X,7.17,7.40,+ 3.21
Sagarsoft (India),X,149.90,154.70,+ 3.20
Lloyds Metals & Ener,A,312.10,322.00,+ 3.17
Guj. Mineral Dev,A,153.35,158.20,+ 3.16
Indokem Ltd.,X,122.00,125.85,+ 3.16
Adani Transmission L,A,889.00,917.00,+ 3.15
Droneacharya Aerial,M,147.05,151.65,+ 3.13
Triveni Turbine,A,393.10,405.35,+ 3.12
Innovassynth Investm,X,23.75,24.49,+ 3.12
Ashoka Metcast,M,16.01,16.51,+ 3.12
Porwal Auto Comp,X,26.00,26.81,+ 3.12
Sayaji Industries,X,161.00,166.00,+ 3.11
Inani Marbles &,X,20.60,21.24,+ 3.11
Virat Crane Indu,X,30.97,31.93,+ 3.10
CIL Nova Petrochemic,X,20.37,21.00,+ 3.09
Primo Chemicals,A,70.27,72.44,+ 3.09
Mahaan Foods Lim,XT,24.25,25.00,+ 3.09
Punj. Communica,B,29.10,29.99,+ 3.06
Welspun India,A,89.50,92.24,+ 3.06
Quadrant Televenture,XT,0.98,1.01,+ 3.06
Swarnsarita Jewels,X,18.42,18.98,+ 3.04
Orissa Bengal Carrie,B,56.29,58.00,+ 3.04
Saumya Consultants,X,75.70,78.00,+ 3.04
Pearl Global Industr,B,439.50,452.85,+ 3.04
John Cockerill India,X,"1,832.15","1,887.70",+ 3.03
Rajoo Engineers,X,35.62,36.70,+ 3.03
Sonal Adhesives,X,86.18,88.79,+ 3.03
Sharda Cropchem,A,473.30,487.60,+ 3.02
Picturehouse Media,X,6.98,7.19,+ 3.01
Vikas WSP,Z,1.33,1.37,+ 3.01
Concord Drugs,X,29.03,29.90,+ 3.00
Delton Cables,X,69.91,72.00,+ 2.99
Kemistar Corporation,X,38.54,39.69,+ 2.98
Insecticides (India),B,454.75,468.30,+ 2.98
Shri Vasuprada Plant,X,73.31,75.49,+ 2.97
Octavius Plantations,X,43.70,45.00,+ 2.97
Oswal Green Tech,B,21.61,22.25,+ 2.96
Indoco Remedies,B,332.65,342.50,+ 2.96
Shri Dinesh Mill,X,500.20,515.00,+ 2.96
Vivid Global Industr,X,22.00,22.65,+ 2.95
Kopran Ltd,B,149.25,153.65,+ 2.95
S P Apparels Ltd.,B,372.40,383.35,+ 2.94
Satra Properties ( I,Z,0.68,0.70,+ 2.94
Garbi Finvest,XT,28.65,29.49,+ 2.93
Indian Railway Fin,A,32.74,33.70,+ 2.93
Sagar Cements,B,202.10,208.00,+ 2.92
Rolex Rings,A,"1,856.25","1,910.40",+ 2.92
Intl. Data Mangt,XT,18.50,19.04,+ 2.92
Orient Beverages,X,111.55,114.80,+ 2.91
Agro Tech Foods Ltd.,B,759.40,781.50,+ 2.91
Narbada Gems & Jewel,X,61.71,63.50,+ 2.90
Seven Hill Industrie,X,0.69,0.71,+ 2.90
Aarti Surfactants,B,633.20,651.50,+ 2.89
IOL Chemicals and Ph,A,402.30,413.90,+ 2.88
Jindal Saw,A,168.80,173.65,+ 2.87
Pasari Spinning,X,7.31,7.52,+ 2.87
Incap Ltd.,XT,35.56,36.58,+ 2.87
Ganga Papers India L,X,78.58,80.82,+ 2.85
Dhanlaxmi Fabric,XT,38.60,39.70,+ 2.85
Hubtown,B,40.05,41.19,+ 2.85
Conart Engineers,X,39.07,40.18,+ 2.84
Sandur M & I Ore,A,"1,169.25","1,202.50",+ 2.84
Hind. Adhesives,X,222.70,228.95,+ 2.81
VCK Capital Ma,XT,31.00,31.87,+ 2.81
Ad-Manum Finance,X,51.88,53.34,+ 2.81
Punjab Chemicals and,B,777.90,799.60,+ 2.79
GujaratStatePetronet,A,280.95,288.75,+ 2.78
Viaan Industries,Z,0.72,0.74,+ 2.78
Bemco Hydraulics,X,515.65,529.95,+ 2.77
W H Brady & Co.,X,253.00,260.00,+ 2.77
FAZE THREE Autofab,X,78.33,80.49,+ 2.76
Universal Autofoundr,B,145.00,149.00,+ 2.76
Hindustan Unilever L,A,"2,522.10","2,591.80",+ 2.76
AksharChem (India),B,232.50,238.90,+ 2.75
Ishita Drugs & I,X,50.85,52.25,+ 2.75
United Breweries Ltd,A,"1,384.35","1,422.45",+ 2.75
Capacit'e Infraproje,B,147.95,152.00,+ 2.74
Wockhardt Ltd.,A,171.40,176.10,+ 2.74
Ascensive Educare,MS,33.75,34.67,+ 2.73
Indo Rama Synth.,B,45.08,46.31,+ 2.73
Madhav Infra Project,X,4.03,4.14,+ 2.73
BCL Industries,B,429.00,440.70,+ 2.73
La Opala RG Ltd.,A,371.25,381.35,+ 2.72
Mangalam Seeds,T,195.20,200.50,+ 2.72
Veranda Learning Sol,B,197.45,202.80,+ 2.71
HB Portfolio,X,37.27,38.28,+ 2.71
Nivaka Fashions,X,2.95,3.03,+ 2.71
BLS International Se,A,188.85,193.95,+ 2.70
Avantel Ltd.,X,490.95,504.20,+ 2.70
Vidhi Specialty Food,B,368.60,378.55,+ 2.70
Gabriel India,B,168.00,172.50,+ 2.68
Delta Corp Ltd.,A,204.95,210.45,+ 2.68
Sterling Greenwoods,X,33.99,34.90,+ 2.68
HUDCO,A,54.39,55.85,+ 2.68
RPP Infra Projects L,B,43.12,44.27,+ 2.67
Colinz Laborator,XT,40.67,41.75,+ 2.66
Menon Pistons Li,X,45.66,46.87,+ 2.65
Modern Shares & Stoc,X,18.50,18.99,+ 2.65
Gravita India Ltd.,A,562.25,577.15,+ 2.65
Halder Venture,X,266.95,274.00,+ 2.64
Heads UP Ventures,B,12.90,13.24,+ 2.64
Welspun Enterprises,B,141.90,145.65,+ 2.64
Elnet Technologi,X,180.15,184.90,+ 2.64
Candour Techtex,X,33.50,34.38,+ 2.63
Lumax Inds.,B,"1,949.95","2,001.00",+ 2.62
GE Power India,B,135.55,139.10,+ 2.62
Apoorva Leasing Fina,X,23.00,23.60,+ 2.61
JK Cement,A,"2,991.05","3,069.15",+ 2.61
Kimia Biosciences,X,36.94,37.90,+ 2.60
ITI,A,104.44,107.16,+ 2.60
Himachal Fibres,X,5.39,5.53,+ 2.60
Ashnoor Textile,XT,31.72,32.54,+ 2.59
Sri Rama. Mills (Coi,XT,19.01,19.50,+ 2.58
Gita Renew. Energy,X,77.51,79.50,+ 2.57
Jubilant Pharmova,A,342.20,351.00,+ 2.57
Adani Ports & Speci,A,691.05,708.80,+ 2.57
AYM Syntex,B,76.49,78.45,+ 2.56
Real Touch Finance,Z,39.00,40.00,+ 2.56
Amin Tannery L,X,1.95,2.00,+ 2.56
Loyal Equipments Ltd,B,67.77,69.50,+ 2.55
B&A Packaging India,XT,190.15,195.00,+ 2.55
Premco Global Li,X,345.00,353.75,+ 2.54
Siemens Ltd.,A,"3,712.60","3,806.60",+ 2.53
Jubilant Industries,B,428.45,439.30,+ 2.53
GRP L,T,"3,500.75","3,589.35",+ 2.53
Citadel Realty & Dev,X,19.02,19.50,+ 2.52
Suraj Industries,X,111.15,113.95,+ 2.52
Smiths & Founders,X,3.17,3.25,+ 2.52
Harrisons Malaya,B,147.00,150.70,+ 2.52
AGS Transact Tech,B,53.07,54.40,+ 2.51
Keltech Energies,X,"1,199.90","1,230.00",+ 2.51
Sri Lakshmi Sara,X,30.23,30.99,+ 2.51
Camlin Fine Sciences,B,167.20,171.40,+ 2.51
Bihar Sponge,XT,8.77,8.99,+ 2.51
Sylph Technologies L,XT,31.02,31.80,+ 2.51
Sturdy Industries,XT,0.40,0.41,+ 2.50
NHC Foods,X,38.03,38.98,+ 2.50
Satchmo Holdings,X,2.80,2.87,+ 2.50
Mukesh Babu Fina,X,85.71,87.84,+ 2.49
Rajasthan Gases,X,9.27,9.50,+ 2.48
Adarsh Plant Pro,XT,18.98,19.45,+ 2.48
N G Industries Ltd.,X,80.00,81.98,+ 2.48
HB Estate Devlpr,X,31.06,31.83,+ 2.48
Haryana Capfin Ltd.,X,58.55,60.00,+ 2.48
Goenka Business,XT,6.88,7.05,+ 2.47
Zodiac Ventures,X,22.32,22.87,+ 2.46
Varroc Engineering,A,292.90,300.10,+ 2.46
Pratiksha Chemic,X,22.89,23.45,+ 2.45
Transchem L,X,20.01,20.50,+ 2.45
RSD Finance,X,81.02,83.00,+ 2.44
Black Box,B,144.00,147.50,+ 2.43
Global Health,B,508.75,521.00,+ 2.41
SKF India,A,"4,237.85","4,340.00",+ 2.41
ISMT Ltd.,B,74.85,76.65,+ 2.40
Cochin Malabar,X,62.50,64.00,+ 2.40
Poojawestern Metalik,B,32.19,32.96,+ 2.39
Ingersoll Rand,A,"2,463.20","2,522.00",+ 2.39
SE Power,B,13.41,13.73,+ 2.39
Shree Hari Chem.,X,43.95,45.00,+ 2.39
Texmaco Rail & Engin,A,54.99,56.30,+ 2.38
Lohia Securities Ltd,X,197.30,202.00,+ 2.38
Geojit Financial,B,43.66,44.70,+ 2.38
Steel ExchangeIndia,A,16.02,16.40,+ 2.37
Capital Trust Lt,B,67.21,68.80,+ 2.37
Compucom Softwr,B,17.77,18.19,+ 2.36
Tinna Rubber and Inf,X,476.70,487.90,+ 2.35
Aplab,XT,31.50,32.24,+ 2.35
Wim Plast Ltd,X,444.80,455.25,+ 2.35
Acrow India,X,901.50,922.65,+ 2.35
Jayshree Chem.,X,6.80,6.96,+ 2.35
Shankara Building Pr,B,648.35,663.50,+ 2.34
Rasandik Engg.,X,77.19,78.99,+ 2.33
ACC,A,"1,749.95","1,790.75",+ 2.33
Mehai Technology,T,21.49,21.99,+ 2.33
Rain Industries,A,150.10,153.60,+ 2.33
India Cements Capita,X,9.00,9.21,+ 2.33
Eiko Lifesciences,X,76.24,78.01,+ 2.32
Glance Finance L,X,52.53,53.75,+ 2.32
Lykis L,XT,76.73,78.50,+ 2.31
Innovators Facade Sy,M,76.25,78.00,+ 2.30
Hitech Corporation,B,177.90,182.00,+ 2.30
Adani Total Gas,A,836.10,855.35,+ 2.30
Veejay Lakshmi E,X,35.68,36.50,+ 2.30
NDTV,B,179.40,183.50,+ 2.29
Godrej Industries Lt,A,466.15,476.80,+ 2.28
Steel Cast,B,507.35,518.85,+ 2.27
Rishiroop L,X,102.40,104.72,+ 2.27
NIBE,X,352.00,359.95,+ 2.26
Welcast Steels,X,707.50,723.50,+ 2.26
Coffee Day Enterpris,A,33.15,33.90,+ 2.26
Bata India,A,"1,497.20","1,531.00",+ 2.26
Karma Energy,T,33.25,34.00,+ 2.26
Banswara Syntex,B,158.00,161.55,+ 2.25
Garment Mantra Life,B,4.45,4.55,+ 2.25
Indo Euro Indchem,XT,28.45,29.09,+ 2.25
MarathonNextgenRea,B,285.00,291.40,+ 2.25
Akzo Nobel India,A,"2,413.15","2,467.30",+ 2.24
Jyothy Labs,A,202.95,207.50,+ 2.24
Steel Strips Infrast,X,21.91,22.40,+ 2.24
Swelect Energy Syste,B,345.15,352.85,+ 2.23
ISL Consulting,X,24.20,24.74,+ 2.23
Ambica Agarbathi,B,24.66,25.21,+ 2.23
Bhatia Colour Chem,M,45.00,46.00,+ 2.22
MPS Infotecnics,B,0.45,0.46,+ 2.22
Modern Insulator,XT,43.97,44.94,+ 2.21
Fusion Micro Finance,B,430.25,439.75,+ 2.21
Kothari Ferment.,X,47.05,48.09,+ 2.21
Indian Infotech,X,1.36,1.39,+ 2.21
Kothari Products,B,113.80,116.30,+ 2.20
Betex India Ltd.,X,63.99,65.39,+ 2.19
Mercantile Ventures,X,17.41,17.79,+ 2.18
Shivagrico Imple,XT,20.78,21.23,+ 2.17
eMudhra,B,332.20,339.40,+ 2.17
Dhunseri Investments,B,665.30,679.75,+ 2.17
Texmo Pipes & Produc,B,57.59,58.84,+ 2.17
Hindustan Aeronautic,A,"2,954.50","3,018.40",+ 2.16
KCP Ltd.,B,102.00,104.20,+ 2.16
AGI Infra Ltd.,X,538.35,550.00,+ 2.16
Dhampure Specialty S,XT,78.60,80.30,+ 2.16
Pidilite Inds.,A,"2,508.95","2,563.00",+ 2.15
Everest Kanto Cylind,A,94.83,96.87,+ 2.15
Gilada Finance &,X,12.14,12.40,+ 2.14
Patel Integrated Log,B,13.06,13.34,+ 2.14
Delta Industrial Res,X,24.38,24.90,+ 2.13
Rashtriya Chemicals,A,105.50,107.75,+ 2.13
Labelkraft Technolog,M,55.81,57.00,+ 2.13
York Exports Lim,XT,47.00,48.00,+ 2.13
Hikal Ltd.,A,294.00,300.20,+ 2.11
Visco Trade Associat,XT,80.20,81.89,+ 2.11
PNB Housing Finance,A,463.45,473.25,+ 2.11
MTNL,B,19.40,19.81,+ 2.11
Indo Tech Transforme,B,201.00,205.25,+ 2.11
T T Ltd.,B,77.17,78.80,+ 2.11
Sanjivani parant,X,55.83,57.00,+ 2.10
Virtuoso Optoelectro,M,221.35,226.00,+ 2.10
KD Leisures,XT,11.90,12.15,+ 2.10
D-Link (India),B,242.45,247.55,+ 2.10
NMS Resources Global,XT,27.08,27.65,+ 2.10
ObjectOne Inform,X,17.19,17.55,+ 2.09
Jauss Polymers L,X,4.31,4.40,+ 2.09
Ahluwalia Contra,B,567.20,579.05,+ 2.09
Dynacons Systems,B,370.40,378.10,+ 2.08
Strides Pharma Scien,A,356.55,363.95,+ 2.08
Kobo Biotech,Z,2.40,2.45,+ 2.08
Honeywell Automation,A,"36,687.60","37,450.00",+ 2.08
Amara Raja Batt.,A,616.05,628.85,+ 2.08
Softrak Venture Inv,XT,6.25,6.38,+ 2.08
Precision Wires,B,72.48,73.98,+ 2.07
Godrej Consumer Prod,A,962.60,982.55,+ 2.07
Spencer's Retail,B,60.88,62.14,+ 2.07
MSR India,X,7.25,7.40,+ 2.07
Arfin India,X,22.83,23.30,+ 2.06
Havells India,A,"1,256.40","1,282.05",+ 2.04
Nouveau Global Vent.,X,0.49,0.50,+ 2.04
Emmessar Biotech,X,23.52,24.00,+ 2.04
Scanpoint Geomatics,X,9.80,10.00,+ 2.04
Trent Ltd.,A,"1,440.85","1,470.20",+ 2.04
C.E. Info Systems,A,"1,072.15","1,093.90",+ 2.03
Lupin Ltd.,A,749.75,765.00,+ 2.03
HIM Teknoforge,X,83.31,85.00,+ 2.03
Shiva Cement Ltd,B,47.19,48.15,+ 2.03
Veto Switchgears & C,B,94.10,96.00,+ 2.02
Orient Cement Ltd.,A,126.05,128.60,+ 2.02
SMIFS Capital Ma,X,40.18,40.99,+ 2.02
Sejal Glass,T,245.00,249.95,+ 2.02
Beardsell Ltd.,B,23.30,23.77,+ 2.02
Continental Petr,XT,49.00,49.99,+ 2.02
Bhaskar Agrochemical,XT,66.64,67.98,+ 2.01
WSFx Global Pay,X,31.27,31.90,+ 2.01
Eureka Forbes,A,368.40,375.80,+ 2.01
3i Infotech,B,32.05,32.69,+ 2.00
Shreyas Shipping & L,B,319.45,325.85,+ 2.00
Sulabh Eng.&Ser.,X,3.50,3.57,+ 2.00
Master Trust Ltd.,X,134.80,137.50,+ 2.00
Kintech Renewables L,XT,989.60,"1,009.35",+ 2.00
Raj Rayon Industries,T,50.79,51.80,+ 1.99
Hariom Pipe Industri,B,544.40,555.25,+ 1.99
Cera Sanitaryware L,A,"6,712.30","6,845.85",+ 1.99
Vikas Ecotech L,B,3.02,3.08,+ 1.99
Hasti Finance Li,X,4.53,4.62,+ 1.99
Autoline Industries,B,70.79,72.20,+ 1.99
Veritas (India) Ltd.,XT,141.00,143.80,+ 1.99
Seya Industries,T,22.15,22.59,+ 1.99
Crest Ventures,B,172.10,175.50,+ 1.98
Eureka Industries,X,5.05,5.15,+ 1.98
Sancode Technologies,MT,78.21,79.75,+ 1.97
Patron Exim,M,8.12,8.28,+ 1.97
Amines & Plast.,X,80.09,81.67,+ 1.97
Alliance Integrated,XT,28.93,29.50,+ 1.97
Krsnaa Diagnostics,B,505.05,515.00,+ 1.97
Rainbow Childrens,B,807.15,823.00,+ 1.96
Fairchem Organics,B,"1,212.35","1,236.15",+ 1.96
Newgen Software Tech,A,561.95,572.95,+ 1.96
Samtex Fashions,X,2.05,2.09,+ 1.95
Mahamaya Steel Indus,B,60.62,61.80,+ 1.95
Advance Syntex,B,7.70,7.85,+ 1.95
Link Pharma Chem,X,39.51,40.28,+ 1.95
Best Eastern Hot,X,46.88,47.79,+ 1.94
Sofcom Systems,X,51.01,52.00,+ 1.94
Colorchips New Media,XT,7.74,7.89,+ 1.94
MSTC,A,300.70,306.50,+ 1.93
PetronetLNG,A,228.10,232.50,+ 1.93
ITL Industries,X,200.15,204.00,+ 1.92
Welspun Corp,A,224.50,228.80,+ 1.92
Golkunda Diamond,X,106.95,109.00,+ 1.92
Diligent Media Corp,B,2.61,2.66,+ 1.92
Adani Power Ltd.,A,238.10,242.65,+ 1.91
Au Small Finance Ban,A,692.95,706.20,+ 1.91
Nagreeka Capital & I,B,19.97,20.35,+ 1.90
NDR Auto Components,B,591.50,602.65,+ 1.89
Hind. Oil Explor,A,163.85,166.95,+ 1.89
TV Today Network Ltd,B,204.20,208.05,+ 1.89
Dishman Carbogen Amc,A,124.15,126.50,+ 1.89
Jagan Lamps,X,59.77,60.90,+ 1.89
Stanrose Mafatla,X,80.00,81.50,+ 1.88
East West Holdings,X,4.26,4.34,+ 1.88
Saras.Commercial,X,"2,650.00","2,699.75",+ 1.88
Mercury Laboratories,X,575.05,585.80,+ 1.87
State Trading,B,74.75,76.15,+ 1.87
RDB Realty & Infrast,X,40.20,40.95,+ 1.87
Esaar (India) Li,X,5.89,6.00,+ 1.87
Emkay Global Financi,B,72.64,74.00,+ 1.87
Superhouse,B,245.35,249.95,+ 1.87
Sarvottam Finvest,XT,33.82,34.45,+ 1.86
Ador Multiproduc,X,56.34,57.39,+ 1.86
Bajaj Healthcare,B,325.20,331.25,+ 1.86
Marble City India,X,13.45,13.70,+ 1.86
Ravileela Granites,X,35.35,36.00,+ 1.84
SAL Automotive,X,271.55,276.55,+ 1.84
Artemis Medicare,B,79.89,81.36,+ 1.84
IL&FS Engineering,Z,11.95,12.17,+ 1.84
Carborundum Uni.,A,"1,114.90","1,135.45",+ 1.84
KRBL Ltd.,A,386.90,394.00,+ 1.84
Manali Petrochem,A,73.06,74.40,+ 1.83
Kaira Can Co.,X,"2,617.10","2,665.00",+ 1.83
Gopal Iron & Steels,XT,7.66,7.80,+ 1.83
Dynemic Products,B,307.55,313.15,+ 1.82
LT Foods Ltd.,A,106.85,108.80,+ 1.82
MMTC Ltd.,A,30.20,30.75,+ 1.82
Central Bank,A,26.89,27.38,+ 1.82
KFIN Technologies,B,309.55,315.15,+ 1.81
Raj Oil Mills Ltd.,B,41.19,41.93,+ 1.80
Future Market Net,B,4.99,5.08,+ 1.80
Fraser & Company,X,5.57,5.67,+ 1.80
Shri Keshav Cements,X,168.00,171.00,+ 1.79
Prakash Wool.& Syn.,X,22.95,23.36,+ 1.79
Vinyoflex,XT,71.70,72.98,+ 1.79
Silver Touch Technol,B,352.20,358.50,+ 1.79
California Softw,B,15.62,15.90,+ 1.79
Barbeque-Nation Hosp,A,596.70,607.30,+ 1.78
Bharat Agri Fert & R,X,118.35,120.45,+ 1.77
Gujarat Apollo Indus,B,195.15,198.60,+ 1.77
Ruttonsha Intl.,X,393.05,400.00,+ 1.77
Super Tex Indust,X,10.76,10.95,+ 1.77
Bliss GVS Pharma,B,82.18,83.63,+ 1.76
Optimus Finance,X,83.53,85.00,+ 1.76
Control Print Ltd.,B,599.80,610.30,+ 1.75
Bella Casa Fashion &,B,123.05,125.20,+ 1.75
Rane Engine Valve Lt,B,280.15,285.05,+ 1.75
Adcon Capital Servic,X,1.72,1.75,+ 1.74
Onward Technolog,B,345.00,351.00,+ 1.74
Infibeam Avenues,A,13.79,14.03,+ 1.74
Shish Industries,B,318.45,324.00,+ 1.74
Ajanta Soya Ltd.,X,29.28,29.79,+ 1.74
Setco Automotive,B,6.88,7.00,+ 1.74
Panchmahal Steel,X,137.90,140.30,+ 1.74
HFCL,A,66.61,67.77,+ 1.74
NLC India L,A,83.15,84.60,+ 1.74
Glenmark Pharma,A,570.15,580.00,+ 1.73
Anjani Foods,XT,22.51,22.90,+ 1.73
Chaman Lal Setia,B,190.40,193.70,+ 1.73
Lakshmi Machines,A,"11,119.55","11,311.50",+ 1.73
Marico Ltd.,A,532.80,542.00,+ 1.73
Foseco India Lim,B,"2,546.35","2,590.40",+ 1.73
Raymond Ltd,A,"1,556.75","1,583.70",+ 1.73
ADF Foods Ltd.,B,830.60,845.00,+ 1.73
Precision Elect.,XT,32.00,32.55,+ 1.72
Garnet International,X,58.00,59.00,+ 1.72
Deccan Cements,B,454.20,462.00,+ 1.72
Rishi Laser Ltd.,XT,27.99,28.47,+ 1.71
Godavari Drugs,X,77.08,78.40,+ 1.71
Time Technoplast Ltd,A,80.86,82.24,+ 1.71
Pitti Engineering,B,351.10,357.10,+ 1.71
Bhilwara Technical,X,15.91,16.18,+ 1.70
M M Forgings Ltd.,B,879.15,894.00,+ 1.69
Berger Paints I,A,627.90,638.50,+ 1.69
Thakker's Develo,X,138.65,141.00,+ 1.69
Madras Fertilize,B,72.03,73.25,+ 1.69
SSPDL Ltd.,X,14.75,15.00,+ 1.69
Max Financial Servic,A,663.45,674.60,+ 1.68
Jenburkt Pharmac,X,744.50,757.00,+ 1.68
Bhansali Engg.Po,A,121.85,123.90,+ 1.68
Rupa & Company L,A,253.35,257.60,+ 1.68
Norben Tea & Exp,B,8.31,8.45,+ 1.68
Ramco Industries,B,128.60,130.75,+ 1.67
Morarka Finance,X,114.10,116.00,+ 1.67
Atharv Enterprises,X,2.41,2.45,+ 1.66
Mini Diamonds,XT,19.87,20.20,+ 1.66
Advanced Enzyme Tech,A,268.75,273.20,+ 1.66
Automotive Stampings,B,322.80,328.15,+ 1.66
ACCEL L,X,13.28,13.50,+ 1.66
DB Corp,B,118.50,120.45,+ 1.65
BMW Industries,X,30.30,30.80,+ 1.65
Alphageo (India),B,253.80,258.00,+ 1.65
Standard Indust,T,29.13,29.61,+ 1.65
General Ins. Corp.,A,173.05,175.90,+ 1.65
Dynamatic Techno,B,"3,130.50","3,182.00",+ 1.65
Reliance Home Fin,B,3.05,3.10,+ 1.64
Kellton Tech Solutio,B,61.14,62.14,+ 1.64
SBC Exports,B,20.70,21.04,+ 1.64
Talbros Auto.,B,483.10,491.00,+ 1.64
Tube Investments,A,"2,725.30","2,770.00",+ 1.64
IFB Industries,A,816.00,829.40,+ 1.64
Nahar Spg Mills,B,272.55,277.00,+ 1.63
Simplex Castings,XT,38.03,38.65,+ 1.63
Kamdhenu Ventures,B,239.60,243.50,+ 1.63
Regency Trust Lt,X,2.45,2.49,+ 1.63
BFL Asset Finvest,X,15.35,15.60,+ 1.63
NAVA L,A,223.35,227.00,+ 1.63
Mitshi India L,XT,14.10,14.33,+ 1.63
JMD Ventures L,X,22.75,23.12,+ 1.63
Supriya Lifescience,A,219.35,222.90,+ 1.62
BDH Industries,X,130.00,132.10,+ 1.62
Kings Infra Ventures,X,108.25,110.00,+ 1.62
IL&FS Transportation,Z,3.09,3.14,+ 1.62
Hindustan Media Vent,B,52.11,52.95,+ 1.61
Sula Vineyards,B,431.05,438.00,+ 1.61
Cupid Ltd.,B,262.75,266.95,+ 1.60
Monarch Networth Cap,B,209.85,213.20,+ 1.60
Waaree Renewable Tec,X,965.55,981.00,+ 1.60
Shree Ganesh Remedie,B,294.25,298.95,+ 1.60
Shree Cement,A,"24,460.20","24,851.45",+ 1.60
Virat Industries,X,223.40,226.95,+ 1.59
Banaras Beads Li,B,81.21,82.50,+ 1.59
Likhitha Infrastruct,B,296.30,301.00,+ 1.59
Adani Wilmar,A,388.95,395.15,+ 1.59
KPI Green Energy,B,477.40,485.00,+ 1.59
HP Adhesives,B,400.15,406.50,+ 1.59
Suven Life Sciences,B,58.18,59.10,+ 1.58
Ramasigns Industries,X,3.16,3.21,+ 1.58
Oriental Carbon,B,756.05,768.00,+ 1.58
Trigyn Technolog,B,98.83,100.39,+ 1.58
Skipper Ltd.,B,124.55,126.50,+ 1.57
Fineotex Chemical Lt,A,254.75,258.75,+ 1.57
Kalyan Jewellers Ind,A,104.80,106.45,+ 1.57
Zee Media Corp,B,8.92,9.06,+ 1.57
RHI Magnesita India,A,661.40,671.70,+ 1.56
South Indian Ban,A,16.09,16.34,+ 1.55
Shree Digvijay,B,74.67,75.82,+ 1.54
DJ Mediaprint & Logi,B,143.20,145.40,+ 1.54
Zensar Technologies,A,304.30,309.00,+ 1.54
Hisar Metal Indu,B,139.80,141.95,+ 1.54
Confidence Petroleum,B,58.33,59.23,+ 1.54
MOIL,A,156.95,159.35,+ 1.53
HPL Electric & Power,B,93.51,94.94,+ 1.53
Oracle Financial Ser,A,"3,493.10","3,546.40",+ 1.53
Intellect Design,A,458.85,465.85,+ 1.53
SI Capital & Fin,XT,29.55,30.00,+ 1.52
Rossari Biotech,A,692.05,702.55,+ 1.52
Kokuyo Camlin,B,76.54,77.70,+ 1.52
Kalyani Investment,B,"1,726.00","1,752.25",+ 1.52
IFB Agro Indus,B,480.70,488.00,+ 1.52
Colgate Palm.,A,"1,603.60","1,628.00",+ 1.52
Cranes Software Int.,X,2.63,2.67,+ 1.52
Ortin Laborator.,B,19.70,20.00,+ 1.52
Gallantt Ispat,B,53.18,53.99,+ 1.52
Karur Vysya Bank,B,95.20,96.64,+ 1.51
Piramal Pharma,B,75.87,77.01,+ 1.50
Piccadily Sugar,X,16.63,16.88,+ 1.50
Caprihans India,X,107.00,108.60,+ 1.50
Navkar Corporation L,B,57.24,58.10,+ 1.50
DHP India Ltd.,X,962.65,977.00,+ 1.49
Rajesh Exports L,A,601.05,610.00,+ 1.49
Nahar Capital & Fina,B,278.75,282.90,+ 1.49
Bodal Chemicals,B,67.99,69.00,+ 1.49
Jindal Stainless,A,292.75,297.10,+ 1.49
Bharat Dynamics,A,"1,006.95","1,022.00",+ 1.49
Gayatri BioOrganics,XT,8.72,8.85,+ 1.49
GHCL,A,495.30,502.65,+ 1.48
Natural Biocon (I),X,6.75,6.85,+ 1.48
Mishra Dhatu Nig,A,202.75,205.75,+ 1.48
Blue Star,A,"1,409.20","1,430.10",+ 1.48
Mangalore Refine,A,62.03,62.95,+ 1.48
Oriental Aromatics,B,377.55,383.15,+ 1.48
Sarda Energy & Miner,A,"1,124.90","1,141.60",+ 1.48
Guj. Alkalie & C,A,682.75,692.80,+ 1.47
Phoenix Mills,A,"1,464.70","1,486.30",+ 1.47
Jubilant Ingrevia,A,415.90,422.00,+ 1.47
Kennametal India,A,"2,365.20","2,400.00",+ 1.47
MFL India,X,0.68,0.69,+ 1.47
Sunshield Chemic,X,572.60,581.00,+ 1.47
Sah Polymers,B,81.47,82.66,+ 1.46
Ipca Laboratorie,A,693.95,704.05,+ 1.46
Tamilnadu Telecom,T,6.15,6.24,+ 1.46
Williamson Magor,B,20.54,20.84,+ 1.46
Seamec Ltd.,B,732.95,743.65,+ 1.46
Asian Star Co,B,690.00,700.05,+ 1.46
Poddar Pigments,B,302.65,307.05,+ 1.45
Bharat Gears,B,120.30,122.05,+ 1.45
Cindrella Financ,XT,8.97,9.10,+ 1.45
HB Stockholding,B,49.24,49.95,+ 1.44
India Tourism De,B,320.30,324.90,+ 1.44
Acknit Industries Lt,X,141.95,144.00,+ 1.44
Tata Chemicals,A,974.55,988.55,+ 1.44
Garware Hi-Tech Film,B,580.10,588.45,+ 1.44
Tamilnad Mercantile,B,415.25,421.20,+ 1.43
Divyashakti,X,78.85,79.98,+ 1.43
Nath Industries,X,58.13,58.96,+ 1.43
Lee Nee Software,X,7.00,7.10,+ 1.43
Terai Tea Compan,X,70.99,72.00,+ 1.42
Brijlaxmi Leasin,X,4.23,4.29,+ 1.42
Hinduja Global Solut,A,"1,108.20","1,123.90",+ 1.42
Kesar Petroprod.,X,5.65,5.73,+ 1.42
Repro India Ltd.,B,408.25,414.00,+ 1.41
Diligent Industries,X,9.94,10.08,+ 1.41
Sudarshan Pharma Ind,M,68.03,68.99,+ 1.41
Finolex Cables,A,887.70,900.20,+ 1.41
Titagarh Wagons Ltd.,B,336.55,341.30,+ 1.41
Narayana Hrudayalaya,A,753.10,763.70,+ 1.41
Puravankara,B,78.45,79.55,+ 1.40
Kaiser Corporation,X,35.01,35.50,+ 1.40
Shoppers Stop,A,678.50,688.00,+ 1.40
Warren Tea,X,57.50,58.30,+ 1.39
Trio Mercantile & Tr,X,0.72,0.73,+ 1.39
Polyplex Corpn.,A,"1,400.90","1,420.40",+ 1.39
Vista Pharmaceut,X,9.38,9.51,+ 1.39
Avro India,B,122.20,123.90,+ 1.39
RPG Life Sciences,B,780.85,791.65,+ 1.38
Tokyo Plast Inte,B,93.16,94.45,+ 1.38
Tribhovandas Bhimji,B,71.27,72.25,+ 1.38
NBCC (India),A,40.84,41.40,+ 1.37
GTN Industries,X,33.61,34.07,+ 1.37
SVP Global Textiles,B,14.60,14.80,+ 1.37
JK Tyre & Industries,A,195.55,198.20,+ 1.36
India Nippon Ele,B,359.85,364.75,+ 1.36
Vaswani Industries L,B,20.52,20.80,+ 1.36
Kansai Nerolac Paint,A,405.00,410.50,+ 1.36
LIC Housing Fi,A,372.55,377.60,+ 1.36
GKB Ophthalmic,X,99.60,100.95,+ 1.36
20 Microns Ltd.,B,82.28,83.40,+ 1.36
Shalimar Wires Ind.,X,12.46,12.63,+ 1.36
Sona BLW Precision,A,540.10,547.40,+ 1.35
Godrej Agrovet L,A,421.95,427.65,+ 1.35
RSWM Ltd.,B,178.35,180.75,+ 1.35
JK Agri Genetics Ltd,X,444.00,450.00,+ 1.35
Arshiya,B,5.94,6.02,+ 1.35
Welspun Specialty,X,19.98,20.25,+ 1.35
Century Plyboards,A,550.35,557.75,+ 1.34
ABB India,A,"3,815.75","3,866.80",+ 1.34
Simran Farms Lim,X,104.40,105.80,+ 1.34
Himadri Speciality,A,120.85,122.45,+ 1.32
Texmaco Infrastructu,B,55.25,55.98,+ 1.32
Honda India Power,B,"2,468.30","2,501.00",+ 1.32
Zomato,A,61.70,62.51,+ 1.31
Burnpur Cement Ltd.,B,4.58,4.64,+ 1.31
Raghav Productivity,B,931.80,944.00,+ 1.31
West Coast Paper,A,559.60,566.95,+ 1.31
Astec Lifesciences L,A,"1,334.40","1,351.70",+ 1.30
NTPC,A,176.90,179.20,+ 1.30
Fine Line Circu.,X,57.78,58.53,+ 1.30
Sonata Software,A,851.00,862.00,+ 1.29
InterGlobe Aviation,A,"2,223.85","2,252.45",+ 1.29
Poly Medicure Lt,A,966.30,978.80,+ 1.29
Vardhman Special St,B,391.90,396.95,+ 1.29
Alexander Stamps,X,16.24,16.45,+ 1.29
Motherson Sumi Wirin,A,55.74,56.46,+ 1.29
Winsome Textile,B,57.21,57.95,+ 1.29
Shree Hanuman Sugar,X,5.46,5.53,+ 1.28
Action Construction,A,434.15,439.70,+ 1.28
Indo Asia Finance,X,11.74,11.89,+ 1.28
Balrampur Chini,A,405.70,410.90,+ 1.28
Amraworld Agrico Ltd,X,0.78,0.79,+ 1.28
Adani Green Energy,A,902.20,913.70,+ 1.27
Earthstahl & Alloys,M,58.90,59.65,+ 1.27
Upsurge Investme,X,35.55,36.00,+ 1.27
Indian Overseas,A,24.50,24.81,+ 1.27
IndusInd Bank,A,"1,172.75","1,187.55",+ 1.26
Panchsheel Organ,X,174.80,177.00,+ 1.26
Excel Industries,B,935.10,946.85,+ 1.26
Sundaram Clayton,A,"4,177.60","4,230.05",+ 1.26
Balaji Amines Li,A,"2,354.30","2,384.00",+ 1.26
Munjal Showa Ltd,B,94.56,95.75,+ 1.26
Donear Industrie,B,100.05,101.30,+ 1.25
KM Sugar Mills,B,28.03,28.38,+ 1.25
India Cements Lt,A,194.30,196.70,+ 1.24
Unick Fix-A-Form,XT,40.20,40.70,+ 1.24
Subex Ltd.,A,32.21,32.61,+ 1.24
UltraTech Cement,A,"7,744.10","7,839.95",+ 1.24
Bharat Seats,X,98.01,99.22,+ 1.23
Bank of Maharash,A,29.96,30.33,+ 1.23
Triveni Enterprises,X,3.25,3.29,+ 1.23
Malu Paper Mills,B,35.17,35.60,+ 1.22
VST Tillers Tr,B,"2,458.10","2,488.00",+ 1.22
Coromandel Internati,A,959.05,970.75,+ 1.22
ACI Infocom Ltd.,X,0.82,0.83,+ 1.22
Gokaldas Exports,A,381.50,386.15,+ 1.22
Paramount Commun,B,37.85,38.31,+ 1.22
Aditya Spinners,XT,19.86,20.10,+ 1.21
Avadh Sugar & Energy,B,510.40,516.60,+ 1.21
Birla Corporation Lt,A,998.40,"1,010.50",+ 1.21
Swan Energy Ltd.,A,235.00,237.85,+ 1.21
CMI L,B,12.55,12.70,+ 1.20
AXISCADES Technologi,B,333.60,337.60,+ 1.20
Shivalik Rasayan,B,710.05,718.60,+ 1.20
Andhra Petro,X,63.40,64.16,+ 1.20
Meera Industries,B,38.52,38.98,+ 1.19
Dabur India,A,514.25,520.35,+ 1.19
PSP Projects,A,738.20,746.95,+ 1.19
Maan Aluminium Ltd.,B,185.15,187.35,+ 1.19
AMJ Land Holdings L,B,24.66,24.95,+ 1.18
Hind Aluminium Indus,X,38.05,38.50,+ 1.18
Zuari Industries,B,123.10,124.55,+ 1.18
Peninsula Land L,B,18.64,18.86,+ 1.18
Natural Capsules,X,462.60,468.00,+ 1.17
KPT Industries,X,381.20,385.65,+ 1.17
Cholamandalam Invest,A,989.45,"1,001.00",+ 1.17
Asian Tea Export,X,11.99,12.13,+ 1.17
LTIMindtree,A,"4,596.60","4,650.00",+ 1.16
Lakshmi Mill Co.,X,"3,534.10","3,575.00",+ 1.16
Magna Electrocas,X,327.10,330.90,+ 1.16
IL&FS Investment Man,B,6.04,6.11,+ 1.16
Mufin Green Finance,X,125.25,126.70,+ 1.16
Credent Global Fin,X,121.10,122.50,+ 1.16
Syncom Formul.,B,6.10,6.17,+ 1.15
Garware Tech. Fibres,A,"2,905.05","2,938.45",+ 1.15
Ind-Swift L,B,8.68,8.78,+ 1.15
RPSG Ventures,B,466.00,471.35,+ 1.15
Dharani Sugars,Z,8.80,8.90,+ 1.14
Kkalpana lndustries,X,11.37,11.50,+ 1.14
Aimco Pesticides,X,110.00,111.25,+ 1.14
IDFC First Bank,A,64.05,64.78,+ 1.14
Sangal Papers Li,XT,151.05,152.75,+ 1.13
Hind.ConstructionCo.,A,15.87,16.05,+ 1.13
Borosil Renewables,A,505.60,511.25,+ 1.12
Bombay Cycle,X,711.95,719.90,+ 1.12
Atlanta Ltd.,B,14.34,14.50,+ 1.12
Bandhan Bank,A,236.25,238.90,+ 1.12
AutoCorpn of Goa,X,814.80,823.95,+ 1.12
NRB Bearings Lim,B,148.60,150.25,+ 1.11
Emami Realty,B,66.91,67.65,+ 1.11
Brady & Morris E,X,252.05,254.85,+ 1.11
Dhunseri Tea & Indus,B,204.35,206.60,+ 1.10
Tamilnadu Petroprod,B,81.49,82.39,+ 1.10
Vaksons Automobiles,B,17.26,17.45,+ 1.10
Omaxe Ltd.,B,53.02,53.60,+ 1.09
Heubach Colorants,B,314.60,318.00,+ 1.08
Deep Industries,B,162.00,163.75,+ 1.08
Photoquip (India,X,22.26,22.50,+ 1.08
PNC Infratech,A,309.10,312.45,+ 1.08
Calcom Vision,X,163.25,165.00,+ 1.07
Paul Merchants,X,"1,306.00","1,320.00",+ 1.07
Clean Science & Tech,A,"1,490.85","1,506.75",+ 1.07
AMD Industries Ltd.,B,56.89,57.50,+ 1.07
Pasupati Acrylon,B,28.97,29.28,+ 1.07
Ritesh Properties &,B,45.32,45.80,+ 1.06
Orient Paper,B,45.34,45.82,+ 1.06
Sacheta Metals L,X,18.80,19.00,+ 1.06
Race Eco Chain,B,239.55,242.10,+ 1.06
Sakuma Exports,B,12.24,12.37,+ 1.06
CreditAccess Grameen,A,"1,031.00","1,041.95",+ 1.06
AIA Engineering,A,"2,701.85","2,730.55",+ 1.06
Uflex Ltd.,A,426.95,431.45,+ 1.05
Artson Engg.,X,66.70,67.40,+ 1.05
3P Land Holdings,B,21.96,22.19,+ 1.05
Agri-Tech (India),B,104.50,105.60,+ 1.05
Himalaya Food Inter,X,22.93,23.17,+ 1.05
Quick Heal Technolog,B,138.20,139.65,+ 1.05
Hind. Tin Works,X,98.64,99.68,+ 1.05
Tata Power Co.,A,204.10,206.25,+ 1.05
Va Tech Wabag,B,419.60,424.00,+ 1.05
S P Capital Financin,X,16.33,16.50,+ 1.04
Antony Waste Handlin,B,265.15,267.90,+ 1.04
Syngene Internationa,A,701.25,708.55,+ 1.04
Ujjivan Financial,A,283.70,286.65,+ 1.04
Alembic Ltd.,B,64.35,65.02,+ 1.04
Astron Paper & Board,B,28.01,28.30,+ 1.04
Om Infra,B,41.36,41.79,+ 1.04
Sunflag Iron,B,168.65,170.40,+ 1.04
Alufluoride Ltd.,X,321.65,324.95,+ 1.03
Rainbow Denim Ltd.,Z,3.89,3.93,+ 1.03
Avenue Supermarts,A,"3,670.90","3,708.65",+ 1.03
Hind. Composites,B,296.95,300.00,+ 1.03
Ashapuri Gold Ornam,T,80.92,81.75,+ 1.03
B L Kashyap & Sons,B,38.87,39.27,+ 1.03
Tata Elxsi,A,"7,122.35","7,195.25",+ 1.02
Orient Electric,A,219.85,222.10,+ 1.02
Kakatiya Cement Suga,B,203.45,205.50,+ 1.01
Monte Carlo Fashions,B,691.00,698.00,+ 1.01
The Ramco Cements,A,767.45,775.20,+ 1.01
Shyam Century Ferro,B,18.81,19.00,+ 1.01
Bazel International,XT,37.68,38.06,+ 1.01
Surya Roshni Ltd,A,818.20,826.45,+ 1.01
Impex Ferro Tech Ltd,B,2.96,2.99,+ 1.01
ISF Ltd.,X,1.98,2.00,+ 1.01
Manappuram Finance,A,114.35,115.50,+ 1.01
Nahar Indust.Ent,B,109.50,110.60,+ 1.00
Faze Three Ltd.,B,325.25,328.50,+ 1.00
Somi Conveyor Beltin,B,48.17,48.65,+ 1.00
Chennai Meenakshi Mu,X,20.00,20.20,+ 1.00
Eris Lifesciences,A,632.65,639.00,+ 1.00
Aurionpro Solutions,B,489.90,494.75,+ 0.99
BKV Industries Ltd.,XT,8.12,8.20,+ 0.99
Hitachi Energy India,A,"3,766.70","3,804.00",+ 0.99
JTEKT India,B,121.70,122.90,+ 0.99
D & H India,X,74.30,75.03,+ 0.98
Music Broadcast,B,11.22,11.33,+ 0.98
SPIC,B,69.06,69.74,+ 0.98
Ambuja Cements Ltd.,A,408.10,412.10,+ 0.98
Prismx Global Ventur,X,2.06,2.08,+ 0.97
Amal Ltd.,X,247.60,250.00,+ 0.97
The Andhra Sugars,B,118.65,119.80,+ 0.97
TTK Prestige L,A,713.25,720.15,+ 0.97
Expo Gas Contain,X,12.32,12.44,+ 0.97
Vadilal Indus.,B,"2,306.05","2,328.10",+ 0.96
Dilip Buildcon Ltd.,A,177.00,178.70,+ 0.96
Ethos Ltd.,B,"1,298.65","1,311.10",+ 0.96
Salora Intl.,X,32.19,32.50,+ 0.96
Steel Strips Wheels,A,150.90,152.35,+ 0.96
Timken India,A,"3,128.10","3,158.10",+ 0.96
South India Pape,X,115.10,116.20,+ 0.96
Megri Soft,X,98.90,99.85,+ 0.96
Viji Finance,B,2.11,2.13,+ 0.95
Repco Home Finance L,B,205.45,207.40,+ 0.95
Bimetal Bear.,X,448.50,452.75,+ 0.95
Nureca Ltd,B,331.75,334.90,+ 0.95
Guj. Terce Labor,X,20.00,20.19,+ 0.95
ZF Commercial Vehicl,A,"10,493.05","10,592.75",+ 0.95
Krypton Ind.,X,20.01,20.20,+ 0.95
Vipul Ltd.,B,16.83,16.99,+ 0.95
Aster DM Healthcare,A,244.60,246.90,+ 0.94
CESC Ltd.,A,69.11,69.76,+ 0.94
Poona Dal & Oil,X,53.10,53.60,+ 0.94
Zydus Wellness Ltd.,A,"1,519.40","1,533.70",+ 0.94
L&T Finance Holdings,A,94.99,95.88,+ 0.94
Hind. Petrol,A,256.00,258.40,+ 0.94
Sandesh,B,916.00,924.50,+ 0.93
Udaipur Cement Works,B,29.07,29.34,+ 0.93
Jindal Hotels,X,41.81,42.20,+ 0.93
Northern Spirits,M,259.00,261.40,+ 0.93
Sharanam Infra,X,1.07,1.08,+ 0.93
Variman Global Enter,X,13.97,14.10,+ 0.93
Starlineps Enterpris,B,107.45,108.45,+ 0.93
Escorts Kubota,A,"2,048.60","2,067.70",+ 0.93
Parvati Sweetners,X,6.43,6.49,+ 0.93
Maruti Suzuki India,A,"9,165.80","9,251.00",+ 0.93
KPR Mill Ltd.,A,562.10,567.30,+ 0.93
Sutlej Textiles & In,B,46.56,46.99,+ 0.92
Hind. Hardy Spic,X,278.40,280.95,+ 0.92
Polson Ltd.,X,"11,612.55","11,719.00",+ 0.92
Bafna Pharmaceutical,T,83.04,83.80,+ 0.92
Panafic Industrials,X,1.09,1.10,+ 0.92
Anand Rathi Wealth,A,870.05,878.00,+ 0.91
Deep Energy Resource,B,116.00,117.05,+ 0.91
ABM Knowledgeware,X,83.21,83.97,+ 0.91
Britannia Ind.,A,"4,605.80","4,647.50",+ 0.91
Shakti Pumps (In,B,424.20,428.05,+ 0.91
The Indian Card Clot,B,251.55,253.85,+ 0.91
Apollo Pipes,B,625.15,630.75,+ 0.90
Rane Holdings Ltd.,B,960.75,969.40,+ 0.90
Compuage Infocom Ltd,B,13.36,13.48,+ 0.90
P&G Hygiene&Health,A,"13,713.80","13,836.90",+ 0.90
Oberoi Realty,A,940.80,949.30,+ 0.90
Walchandnagar,B,65.50,66.09,+ 0.90
Borosil L,A,394.40,397.90,+ 0.89
Avonmore Capital,B,64.85,65.43,+ 0.89
Prima Plastics L,X,134.50,135.70,+ 0.89
Dhunseri Ventures,B,236.40,238.50,+ 0.89
MCX,A,"1,360.30","1,372.40",+ 0.89
Shreyans Inds.,B,169.45,170.95,+ 0.89
G R Infraprojects,A,"1,028.85","1,037.95",+ 0.88
Indigo Paints,A,"1,277.90","1,289.15",+ 0.88
PTC India,B,92.50,93.31,+ 0.88
Dev Information Tech,B,94.73,95.55,+ 0.87
Satia Industries,B,114.30,115.30,+ 0.87
Ujjivan SmallFinance,A,29.00,29.25,+ 0.86
Nilachal Refrctr,X,35.00,35.30,+ 0.86
T & I Global Lim,X,175.10,176.60,+ 0.86
Cyber Media (India),B,16.46,16.60,+ 0.85
Supreme Inds.,A,"2,751.65","2,774.95",+ 0.85
Bhagyanagar India Lt,B,49.47,49.89,+ 0.85
Dollar Industries,A,363.90,367.00,+ 0.85
Bosch Ltd.,A,"19,359.05","19,523.00",+ 0.85
SEL Manufacturing Co,T,147.35,148.60,+ 0.85
Rasi Electrodes,X,14.17,14.29,+ 0.85
HDFC Life Insurance,A,562.50,567.25,+ 0.84
Page Industries Ltd.,A,"41,382.15","41,730.00",+ 0.84
Vedavaag Systems,X,41.55,41.90,+ 0.84
Ambalal Sarabhai,X,22.56,22.75,+ 0.84
Stove Kraft,A,440.10,443.80,+ 0.84
Indian Hume Pipe,B,138.85,140.00,+ 0.83
DCM Shriram,A,822.05,828.90,+ 0.83
Sharp Investments,X,1.20,1.21,+ 0.83
The Byke Hospitality,B,40.00,40.33,+ 0.83
Engineers India,A,99.29,100.11,+ 0.83
Patanjali Foods,T,932.50,940.20,+ 0.83
Fermenta Biotech,X,149.85,151.10,+ 0.83
Shyam Metalics,A,300.60,303.10,+ 0.83
Ucal Fuel System,B,121.90,122.90,+ 0.82
Andrew Yule & Co,B,23.31,23.50,+ 0.82
Shree Ajit Pulp,X,268.35,270.55,+ 0.82
LGB Forge Ltd.,B,8.55,8.62,+ 0.82
Unison Metals Ltd.,XT,20.82,20.99,+ 0.82
Mahindra Lifespace D,A,372.65,375.70,+ 0.82
GSS Infotech,B,198.40,200.00,+ 0.81
GCM Securities Ltd.,B,2.46,2.48,+ 0.81
Ashirwad Steels,X,21.07,21.24,+ 0.81
Zenith Fibres,X,66.80,67.34,+ 0.81
Next Mediaworks,B,4.91,4.95,+ 0.81
WPIL Ltd.,B,"2,889.20","2,912.20",+ 0.80
Kriti Nutrients,B,46.48,46.85,+ 0.80
Baid Finserv,B,35.22,35.50,+ 0.80
Dynamic Cables,B,190.30,191.80,+ 0.79
Heritage Foods,B,183.00,184.45,+ 0.79
Man Infraconstructio,A,86.62,87.30,+ 0.79
Crisil,A,"3,512.25","3,540.00",+ 0.79
Polycab India,A,"3,209.30","3,234.70",+ 0.79
Sun Pharma.,A,953.80,961.25,+ 0.78
Space Incubatrics,X,1.29,1.30,+ 0.78
Pressure Sensiti,X,9.02,9.09,+ 0.78
Chemcon Speciality,B,274.15,276.30,+ 0.78
Saboo Sodium Ch,X,17.90,18.04,+ 0.78
Standard Batteri,X,30.59,30.83,+ 0.78
Voltas Ltd.,A,807.25,813.55,+ 0.78
Sreeleathers Ltd.,B,186.00,187.45,+ 0.78
Aptech,B,439.25,442.65,+ 0.77
PB Fintech,A,613.75,618.45,+ 0.77
Salzer Electr.,B,331.35,333.90,+ 0.77
Radhagobind Commerci,Z,26.10,26.30,+ 0.77
Welcure Drugs &,X,3.92,3.95,+ 0.77
Damodar Industries,B,43.01,43.34,+ 0.77
BCC Fuba India,XT,23.32,23.50,+ 0.77
Ajwa Fun World &,P,19.84,19.99,+ 0.76
Punj. & Sind Ban,B,31.57,31.81,+ 0.76
Bilcare Ltd.,X,44.62,44.96,+ 0.76
Valiant Organics,A,471.80,475.40,+ 0.76
A2Z Infra Engineer,B,6.57,6.62,+ 0.76
PTC India Financial,B,15.89,16.01,+ 0.76
Neogen Chemicals,A,"1,527.90","1,539.55",+ 0.76
City Union Bank,A,137.95,139.00,+ 0.76
S H Kelkar & Company,B,105.00,105.80,+ 0.76
YES Bank Ltd.,A,15.96,16.08,+ 0.75
GFL L,B,57.62,58.05,+ 0.75
Catvision Ltd.,XT,13.49,13.59,+ 0.74
DCX Systems,B,182.45,183.80,+ 0.74
Nexus Surgical,X,9.48,9.55,+ 0.74
Sambhaav Media Ltd.,B,2.72,2.74,+ 0.74
Creative Eye,B,4.07,4.10,+ 0.74
Vishnu Chemicals,B,309.15,311.45,+ 0.74
Emami,A,384.85,387.65,+ 0.73
Modi Naturals,X,233.30,235.00,+ 0.73
Yaan Enterprises,X,20.50,20.65,+ 0.73
Max Healthcare Inst.,A,480.05,483.55,+ 0.73
Parshva Enterprises,T,165.30,166.50,+ 0.73
High Energy Bat.,X,393.00,395.85,+ 0.73
Nila Spaces L,B,2.78,2.80,+ 0.72
Thirumalai Chem.,A,200.85,202.30,+ 0.72
Prism Johnson,A,117.75,118.60,+ 0.72
Rexnord Electron,X,132.30,133.25,+ 0.72
Singer India,X,77.75,78.31,+ 0.72
Tree House Education,B,19.43,19.57,+ 0.72
Intense Technologies,B,63.49,63.95,+ 0.72
Latent View Analytic,A,335.50,337.90,+ 0.72
Star Cement,A,126.10,127.00,+ 0.71
Panasonic Carbon Ind,X,354.50,357.00,+ 0.71
Graphite India Ltd.,A,331.40,333.75,+ 0.71
MosChip Technologies,B,63.55,64.00,+ 0.71
Galaxy Surfacta.,A,"2,505.15","2,523.00",+ 0.71
Lambodhara Texti,B,217.60,219.15,+ 0.71
Rana Sugars,B,22.96,23.12,+ 0.70
ABC India Ltd.,X,71.50,72.00,+ 0.70
N K Industries L,B,44.59,44.90,+ 0.70
Castrol India,A,114.75,115.55,+ 0.70
Hawkins Cookers,A,"6,435.90","6,480.00",+ 0.69
Kovai Medical,B,"1,976.45","1,990.00",+ 0.69
Deepak Spinners,X,248.10,249.80,+ 0.69
Svam Software Li,X,2.90,2.92,+ 0.69
Paushak Ltd.,A,"7,003.60","7,052.05",+ 0.69
Aditya Birla Money L,B,51.09,51.44,+ 0.69
Tata Teleservices (M,A,62.43,62.86,+ 0.69
EIH Ltd.,A,188.75,190.05,+ 0.69
Vijay Solvex Ltd,XT,812.40,818.00,+ 0.69
HEG Ltd.,A,"1,206.80","1,215.00",+ 0.68
Suumaya Corporation,M,11.74,11.82,+ 0.68
India Lease,X,5.86,5.90,+ 0.68
Kama Holdings Ltd.,A,"12,539.40","12,625.05",+ 0.68
Prime Fresh,M,205.00,206.40,+ 0.68
Fluidomat,X,236.40,238.00,+ 0.68
Himatsingka Seid,B,86.41,87.00,+ 0.68
Orchasp,X,2.93,2.95,+ 0.68
I P Rings Ltd.,X,93.17,93.80,+ 0.68
ASI Industries,X,11.75,11.83,+ 0.68
Mishtann Foods L,X,7.30,7.35,+ 0.68
PVR Ltd.,A,"1,446.10","1,455.75",+ 0.67
Anupam Rasayan India,A,"1,134.30","1,141.90",+ 0.67
Dhanlaxmi Bank,B,16.31,16.42,+ 0.67
Indraprastha Med,T,83.69,84.25,+ 0.67
Atul Ltd.,A,"6,862.80","6,908.80",+ 0.67
Sportking India,A,698.30,703.00,+ 0.67
Dixon Technologies,A,"2,891.25","2,910.70",+ 0.67
Ruby Mills,B,182.10,183.30,+ 0.66
KCP Sugar & In,B,25.59,25.76,+ 0.66
BCPL Railway Infrast,B,45.65,45.95,+ 0.66
ICRA Ltd.,B,"4,751.30","4,782.85",+ 0.66
Wonderla Holidays Lt,B,455.45,458.45,+ 0.66
Xtglobal Infotech,X,33.20,33.42,+ 0.66
Redington L,A,173.60,174.75,+ 0.66
BayerCropscience,A,"4,171.40","4,199.00",+ 0.66
JBM Auto,A,772.90,778.00,+ 0.66
Sri Adhikari Bro,T,1.52,1.53,+ 0.66
India Steel Works Lt,X,1.55,1.56,+ 0.65
Choice Internati,B,332.25,334.40,+ 0.65
United Spirits,A,791.95,797.00,+ 0.64
Waterbase Ltd.,B,68.51,68.95,+ 0.64
India Home Loan,XT,34.38,34.60,+ 0.64
UPL,A,679.65,684.00,+ 0.64
Transformers & Recti,B,64.19,64.60,+ 0.64
Nalwa Sons Investmen,B,"2,106.20","2,119.75",+ 0.64
Natraj Proteins,XT,50.67,50.99,+ 0.63
Liberty Shoes Li,B,247.00,248.55,+ 0.63
Step Two Corporation,X,15.90,16.00,+ 0.63
Muthoot Capital,B,308.95,310.90,+ 0.63
Reliance Ind.Inf,A,886.35,891.95,+ 0.63
Axis Bank Ltd.,A,890.05,895.65,+ 0.63
Mahindra Logistics L,A,366.70,369.00,+ 0.63
Cochin Minerals,X,292.35,294.20,+ 0.63
Ador Fontech Ltd,X,98.42,99.03,+ 0.62
Star Delta Trans,X,210.70,212.00,+ 0.62
Ami Organics,A,"1,042.00","1,048.50",+ 0.62
Nath Bio-Genes,B,168.65,169.70,+ 0.62
Dr. Agarwal's Ey,X,"1,430.70","1,439.50",+ 0.62
Bhageria Industries,B,129.00,129.80,+ 0.62
BGR Energy Systems,B,53.43,53.76,+ 0.62
I G Petrochemicals,B,484.95,487.95,+ 0.62
Amarjothi Spg.Mi,X,177.60,178.70,+ 0.62
VLS Finance L,B,176.20,177.30,+ 0.62
Maha. Scooters,A,"4,985.60","5,015.80",+ 0.61
Everest Industries L,B,875.65,881.00,+ 0.61
Hexa Tradex Ltd.,B,148.70,149.60,+ 0.61
Dredging Corpora,B,329.00,331.00,+ 0.61
Timex Group India,B,140.00,140.85,+ 0.61
Torrent Pharmac,A,"1,664.40","1,674.50",+ 0.61
Alphalogic Techsys,B,39.06,39.30,+ 0.61
Andhra Paper,B,461.00,463.75,+ 0.60
Ramco Systems Lt,B,225.45,226.80,+ 0.60
Flex Foods,X,91.68,92.23,+ 0.60
Mahindra Holidays,A,293.65,295.40,+ 0.60
Venus Pipes & Tubes,B,912.50,918.00,+ 0.60
National Plastic,X,41.75,42.00,+ 0.60
UNO Minda,A,546.50,549.70,+ 0.59
Rajratan Global Wire,A,788.55,793.20,+ 0.59
Bharat Wire Ropes Lt,B,161.65,162.60,+ 0.59
Ultramarine Pig.,B,345.40,347.45,+ 0.59
Godfrey Phillips Ind,A,"1,707.30","1,717.35",+ 0.59
Vijay Textiles L,X,27.24,27.40,+ 0.59
Nila Infrastructures,B,5.19,5.22,+ 0.58
Hind. Food,A,591.55,595.00,+ 0.58
Apollo Micro Systems,B,34.70,34.90,+ 0.58
WEP Solutions,X,18.99,19.10,+ 0.58
Goldiam Internat,B,146.60,147.45,+ 0.58
Apex Frozen Foods,B,198.50,199.65,+ 0.58
Bharat Heavy Ele,A,80.58,81.05,+ 0.58
HCL Technologies,A,"1,078.15","1,084.40",+ 0.58
Jamna Auto Inds.,A,102.95,103.55,+ 0.58
UTL Industries,X,1.72,1.73,+ 0.58
Astral Ltd,A,"1,539.25","1,548.00",+ 0.57
Nazara Technologies,A,566.05,569.30,+ 0.57
Oasis Securities,X,69.60,70.00,+ 0.57
Paras Defence,A,530.45,533.50,+ 0.57
AstraZeneca Pharma I,A,"3,252.55","3,271.00",+ 0.57
PCS Technology,X,14.01,14.09,+ 0.57
Ansal Buildwell,X,70.60,71.00,+ 0.57
CCL Products India,A,598.30,601.70,+ 0.57
Vardhman Holdings,B,"2,673.00","2,687.90",+ 0.56
Bajaj Finserv Ltd.,A,"1,413.75","1,421.60",+ 0.56
Ajanta Pharma Lt,A,"1,260.45","1,267.45",+ 0.56
Poonawalla Fincorp,A,323.40,325.20,+ 0.56
Megastar Foods,B,240.40,241.75,+ 0.56
Prestige Estates Pro,A,487.60,490.35,+ 0.56
Parle Industries,X,7.10,7.14,+ 0.56
RateGain Travel Tech,A,387.95,390.10,+ 0.55
Sundaram Fasten.,A,"1,060.00","1,065.80",+ 0.55
SPL Industries L,B,65.09,65.45,+ 0.55
Pfizer Ltd.,A,"3,767.40","3,787.95",+ 0.55
HDFC,A,"2,752.70","2,767.80",+ 0.55
Bodhtree Consulting,XT,7.32,7.36,+ 0.55
Sequent Scientific,A,78.07,78.50,+ 0.55
Akar Auto Industries,X,78.35,78.77,+ 0.54
Endurance Technologi,A,"1,391.00","1,398.50",+ 0.54
Radiant Cash Manage,B,92.90,93.40,+ 0.54
JM Financial Ltd.,A,64.80,65.15,+ 0.54
Amrutanjan Health Ca,B,600.55,603.80,+ 0.54
Abhinav Leasing,X,1.86,1.87,+ 0.54
Ducon Infratech,B,7.35,7.39,+ 0.54
Mangalam Cement,B,288.10,289.65,+ 0.54
Savera Industries,X,61.00,61.33,+ 0.54
Reliance Chemote,B,176.05,177.00,+ 0.54
Firstsource Solution,A,130.00,130.70,+ 0.54
Sun TV Network Ltd.,A,434.35,436.70,+ 0.54
Cybertech System,B,123.55,124.20,+ 0.53
National Fittings,X,94.99,95.49,+ 0.53
Aarey Drugs & Ph,B,28.30,28.45,+ 0.53
KCL Infra Projects,X,1.88,1.89,+ 0.53
Transpek Indus.,X,"1,836.25","1,846.00",+ 0.53
BLS Infotech,X,1.89,1.90,+ 0.53
Titan Securities,X,17.06,17.15,+ 0.53
Vandana Knitwear,XT,1.90,1.91,+ 0.53
NCL Industries,B,187.30,188.30,+ 0.53
Exide Inds.,A,188.15,189.15,+ 0.53
Authum Investment,B,215.25,216.40,+ 0.53
H S India L,X,11.34,11.40,+ 0.53
Ion Exchange (India),A,"3,834.80","3,855.00",+ 0.53
Alfavision Over,X,13.27,13.34,+ 0.53
Century Enka,B,397.45,399.50,+ 0.52
Arvind Ltd.,A,106.45,107.00,+ 0.52
GeeCee Ventures,B,154.05,154.85,+ 0.52
Indian Bank,A,286.70,288.20,+ 0.52
Uttam Sugar Mills,B,278.50,279.95,+ 0.52
Shankar Lal Rampal,B,124.05,124.70,+ 0.52
Force Motors,B,"1,334.95","1,341.85",+ 0.52
Airan Ltd.,B,15.46,15.54,+ 0.52
D B Realty Ltd.,A,81.08,81.50,+ 0.52
Sunrise Efficient Ma,M,254.50,255.80,+ 0.51
Tide Water Oil,B,865.25,869.70,+ 0.51
Restile Ceramics,X,3.92,3.94,+ 0.51
J Kumar Infraproject,B,266.75,268.10,+ 0.51
Cinevista L,B,11.68,11.74,+ 0.51
Chalet Hotels L,A,400.95,403.00,+ 0.51
Century Textiles,A,777.10,781.05,+ 0.51
Aastamangalam Financ,X,29.70,29.85,+ 0.51
Macrotech Developers,A,977.40,982.40,+ 0.51
Polymac Thermoformer,M,33.58,33.75,+ 0.51
Hi-Tech Pipes Ltd.,B,72.88,73.25,+ 0.51
Nitin Spinners,B,251.75,253.00,+ 0.50
Balkrishna Ind.,A,"2,200.10","2,211.00",+ 0.50
LIC,A,557.75,560.55,+ 0.50
Ratnabhumi Developer,T,130.00,130.65,+ 0.50
Roto Pumps Ltd,B,612.30,615.35,+ 0.50
Eldeco Housing &,B,594.55,597.50,+ 0.50
NIIT Ltd.,A,369.85,371.70,+ 0.50
Indsil Hydro Power a,X,38.71,38.90,+ 0.49
Indian Energy Exchan,A,161.70,162.50,+ 0.49
Modern Dairies,X,24.32,24.44,+ 0.49
BAG Films & Media,B,4.07,4.09,+ 0.49
GSB Finance Lt,X,10.50,10.55,+ 0.48
Bajaj Holdings & Inv,A,"6,899.20","6,932.00",+ 0.48
Earum Pharmaceutical,B,2.14,2.15,+ 0.47
Dolfin Rubbers,B,127.35,127.95,+ 0.47
Shree Rama Newsprint,B,13.09,13.15,+ 0.46
Karnataka Bank,A,131.30,131.90,+ 0.46
Poddar Housing,B,109.50,110.00,+ 0.46
Aarvee Denims an,B,21.54,21.64,+ 0.46
A F Enterprises,X,15.18,15.25,+ 0.46
SG Finserve,XT,525.25,527.65,+ 0.46
Mallcom (India) L,B,911.70,915.90,+ 0.46
Craftsman Automation,A,"3,388.35","3,404.00",+ 0.46
Bharat Electroni,A,108.10,108.60,+ 0.46
Dyna Vision,XT,162.25,163.00,+ 0.46
Cheviot Co Ltd,B,"1,120.90","1,125.90",+ 0.45
SML Isuzu Ltd.,B,932.40,936.55,+ 0.45
Titan Company,A,"2,744.55","2,757.00",+ 0.45
Bridge Securitie,X,6.72,6.75,+ 0.45
Asit C Mehta Financi,X,157.00,157.70,+ 0.45
Kalyani Steel,B,336.85,338.35,+ 0.45
Jindal Poly Investme,B,522.55,524.90,+ 0.45
Lyka Labs,B,99.55,100.00,+ 0.45
Bajaj Finance L,A,"6,631.20","6,660.25",+ 0.44
Dwarikesh Sugar,A,92.79,93.20,+ 0.44
Reliance Capital,T,9.10,9.14,+ 0.44
ISGEC Heavy Eng,A,502.85,505.05,+ 0.44
Blue Dart Expres,A,"5,864.35","5,890.10",+ 0.44
Genus Power Infrastr,A,86.93,87.30,+ 0.43
Lumax Auto Technolog,B,301.70,303.00,+ 0.43
Lincoln Pharmace,B,391.85,393.55,+ 0.43
Xchanging Solutions,B,60.00,60.26,+ 0.43
Tata Motors Ltd.,A,509.45,511.65,+ 0.43
RBL Bank,A,150.35,151.00,+ 0.43
Saurashtra Cemen,X,61.84,62.10,+ 0.42
Tantia Constructions,Z,9.45,9.49,+ 0.42
Railtel Corporation,A,121.00,121.50,+ 0.41
Vasundhara Rasayans,X,158.30,158.95,+ 0.41
Dhabriya Polywood,X,160.00,160.65,+ 0.41
Fortis Malar Hospita,X,48.30,48.50,+ 0.41
Sadhna Broadcast,X,5.01,5.03,+ 0.40
Confidence Futurist,X,99.60,100.00,+ 0.40
Archidply Industries,B,69.42,69.70,+ 0.40
Indian Metal & F,B,277.80,278.90,+ 0.40
Route Mobile,A,"1,285.55","1,290.75",+ 0.40
APM Industries,X,52.41,52.62,+ 0.40
Uma Exports,B,42.48,42.65,+ 0.40
Jindal Poly Films,A,679.25,681.95,+ 0.40
Mas Financial Servic,A,726.25,729.15,+ 0.40
Rama Steel Tubes,B,31.01,31.13,+ 0.39
AK Spintex L,X,83.72,84.05,+ 0.39
Aryaman Financia,X,129.30,129.80,+ 0.39
Weizmann,B,101.50,101.90,+ 0.39
Katare Spg. Mill,X,259.00,260.00,+ 0.39
SNL Bearings Ltd.,X,280.15,281.25,+ 0.39
Mastek Li,A,"1,729.30","1,736.00",+ 0.39
Vama Industries Ltd.,X,5.09,5.11,+ 0.39
Astra Microwave,A,319.95,321.15,+ 0.38
Vardhman Textiles Lt,A,324.75,326.00,+ 0.38
RTCL Ltd.,X,15.89,15.95,+ 0.38
Resonance Spec.,X,87.39,87.72,+ 0.38
Restaurant Brands,A,105.95,106.35,+ 0.38
White Organic Agro,X,7.86,7.89,+ 0.38
Utique Enterprises,X,5.25,5.27,+ 0.38
Happiest Minds Tech,A,846.75,849.95,+ 0.38
Eighty Jewellers,M,62.02,62.25,+ 0.37
Shree Pushkar Chemic,B,174.10,174.75,+ 0.37
Rainbow Foundati,X,10.86,10.90,+ 0.37
Sharika Enterprises,B,5.39,5.41,+ 0.37
Indo Amines Limi,B,89.67,90.00,+ 0.37
Siyaram Silk,A,510.65,512.55,+ 0.37
Power Grid Corpo,A,247.70,248.60,+ 0.36
CSB Bank,A,289.45,290.50,+ 0.36
Dhanuka Agritech Ltd,B,646.05,648.40,+ 0.36
Ravalgaon Sugar,X,"3,588.00","3,601.05",+ 0.36
Taj GVK Hotels & Res,B,227.25,228.05,+ 0.35
Aarti Industries,A,507.10,508.85,+ 0.35
Tayo Rolls Ltd,XT,73.79,74.05,+ 0.35
Indl.&Prud.Invst,X,"1,993.00","2,000.00",+ 0.35
Chennai Ferrous Indu,X,141.85,142.35,+ 0.35
BF Investment Ltd.,B,385.15,386.50,+ 0.35
Aditya Birla Fashion,A,198.90,199.60,+ 0.35
Elixir Capital,X,39.85,39.99,+ 0.35
Chennai Petro.,A,306.10,307.15,+ 0.34
JK Paper Ltd.,A,378.25,379.55,+ 0.34
ICICI Bank,A,936.20,939.40,+ 0.34
MphasiS Ltd.,A,"1,865.70","1,872.05",+ 0.34
IRCTC,A,624.20,626.30,+ 0.34
Coral Newsprints,XT,14.95,15.00,+ 0.33
Abans Holdings,B,254.70,255.55,+ 0.33
Panama Petrochem,B,300.25,301.25,+ 0.33
SBI,A,572.05,573.95,+ 0.33
Wipro,A,383.65,384.90,+ 0.33
Beryl Drugs Ltd.,X,15.25,15.30,+ 0.33
Sansera Engineering,A,741.55,744.00,+ 0.33
IZMO,B,135.05,135.50,+ 0.33
Benares Hotels,X,"3,727.55","3,740.00",+ 0.33
AVT Natural Prod,B,95.09,95.40,+ 0.33
NMDC Steel,B,37.14,37.26,+ 0.32
Cressanda Solutions,B,28.28,28.37,+ 0.32
Pacific Industri,X,124.30,124.70,+ 0.32
TCI Express,A,"1,505.20","1,510.00",+ 0.32
Grasim Inds.,A,"1,774.30","1,780.00",+ 0.32
Jet Airways,Z,57.42,57.60,+ 0.31
Esab India,A,"3,606.90","3,618.00",+ 0.31
Tera Software,B,38.40,38.52,+ 0.31
Shriram Finance,A,"1,353.85","1,358.00",+ 0.31
IDFC L,A,89.52,89.80,+ 0.31
Shalimar Paints,B,144.80,145.25,+ 0.31
Talbros Engineering,X,538.35,540.00,+ 0.31
Tips Industries,B,166.00,166.50,+ 0.30
TRF Ltd,B,167.00,167.50,+ 0.30
Kirloskar Pneumatic,A,577.70,579.45,+ 0.30
VIP Indus.,A,633.10,635.00,+ 0.30
NCC,A,116.65,117.00,+ 0.30
Maithan Alloys Ltd.,B,950.35,953.20,+ 0.30
Gandhi Special,B,510.20,511.75,+ 0.30
Sasken Technologies,B,826.80,829.25,+ 0.30
Bajaj HindusthanSuga,A,13.75,13.79,+ 0.29
Suryaamba Spinning M,X,207.60,208.20,+ 0.29
Sanghi Industrie,B,73.19,73.40,+ 0.29
Oil India Ltd.,A,259.20,259.95,+ 0.29
Indo Borax,B,119.50,119.85,+ 0.29
Akshar Spintex,T,69.10,69.30,+ 0.29
APL Apollo Tubes,A,"1,182.10","1,185.50",+ 0.29
Starteck Finance,B,119.45,119.80,+ 0.29
RS Software (India),B,34.59,34.69,+ 0.29
Balmer Lawrie Invest,B,388.80,389.90,+ 0.28
GRM Overseas,A,198.90,199.45,+ 0.28
Nitta Gelatin India,X,830.15,832.50,+ 0.28
SEPC Ltd,B,10.66,10.69,+ 0.28
VST Industries,A,"3,300.00","3,309.00",+ 0.27
Ugar Sugar Works,B,111.10,111.40,+ 0.27
Keystone Realtors,B,452.35,453.55,+ 0.27
Tilak Ventures L,X,3.68,3.69,+ 0.27
ITD Cementation Indi,B,128.75,129.10,+ 0.27
Mahindra CIE Auto,A,423.25,424.40,+ 0.27
SRG Housing Finance,X,184.65,185.15,+ 0.27
Elpro Internl.,B,63.84,64.01,+ 0.27
DRC Systems India,B,37.60,37.70,+ 0.27
Mahindra EPC Irrigat,B,97.08,97.34,+ 0.27
Mukta Arts Ltd.,B,53.95,54.09,+ 0.26
NGL Fine-Chem Li,B,"1,509.00","1,512.95",+ 0.26
ICICI Lombard Gen.,A,"1,108.05","1,110.95",+ 0.26
New Light Apparels,XT,19.00,19.05,+ 0.26
Munjal Auto Industr.,B,43.95,44.06,+ 0.25
Omkar Speciality Che,Z,7.88,7.90,+ 0.25
PNB Gilts Ltd.,B,58.88,59.03,+ 0.25
Rudra Global Infra P,X,77.31,77.50,+ 0.25
Hatsun Agro Prod,A,879.40,881.60,+ 0.25
KIFS Financial Serv,X,98.60,98.85,+ 0.25
Solitaire Machin,X,40.46,40.56,+ 0.25
Mangalore Chem.,B,98.90,99.15,+ 0.25
Avanti Feeds,A,367.10,368.00,+ 0.25
Synthiko Foils,XT,179.95,180.40,+ 0.25
India Motor Part,B,726.15,727.95,+ 0.25
Yarn Syndicate,X,36.70,36.79,+ 0.25
Prozone Intu Propert,B,23.73,23.79,+ 0.25
K Z Leasing & Financ,X,16.96,17.00,+ 0.24
Shri Bajrang Allianc,X,147.60,147.95,+ 0.24
Sterling and Wilson,A,295.20,295.90,+ 0.24
Mahi. & Mahi,A,"1,249.00","1,251.95",+ 0.24
Valson Ind. Ltd.,X,20.45,20.50,+ 0.24
Esha Media Research,XT,4.09,4.10,+ 0.24
Balmer Lawrie &,B,124.00,124.30,+ 0.24
Accelya Solutions In,B,"1,275.90","1,278.95",+ 0.24
Chartered Logistics,X,4.15,4.16,+ 0.24
Shree Global Tra,X,8.38,8.40,+ 0.24
Steel Authority,A,83.93,84.12,+ 0.23
Essar Securities,X,4.27,4.28,+ 0.23
GAIL (India),A,109.00,109.25,+ 0.23
Man Industries I,B,108.53,108.78,+ 0.23
Indo Count Inds.,A,151.20,151.55,+ 0.23
Jubilant Foodworks L,A,469.20,470.30,+ 0.23
Prakash Steelage Ltd,B,4.49,4.50,+ 0.22
Lakshmi Precn.Sc,Z,4.50,4.51,+ 0.22
Bambino Agro Ind,X,310.35,311.00,+ 0.21
Simbhaoli Sugars,B,23.86,23.91,+ 0.21
Venky's (India) Ltd.,A,"1,600.60","1,604.00",+ 0.21
UTI AMC,A,653.60,655.00,+ 0.21
Mid India Indust,XT,10.13,10.15,+ 0.20
Unichem Labs,B,377.10,377.85,+ 0.20
Telesys Info-Infra,X,9.83,9.85,+ 0.20
Simplex Infrastructu,B,34.23,34.30,+ 0.20
V B Industries,X,4.90,4.91,+ 0.20
Ind Renewable Energy,X,10.00,10.02,+ 0.20
Carysil L,A,614.75,616.00,+ 0.20
Refnol Resins &,X,82.74,82.90,+ 0.19
Asahi Songwon Colors,B,212.60,213.00,+ 0.19
Arvind SmartSpaces,B,312.45,313.05,+ 0.19
Bharat Forge,A,777.00,778.40,+ 0.18
Shalby,B,138.25,138.50,+ 0.18
Ludlow Jute & Specia,X,82.44,82.59,+ 0.18
Grindwell Norton,A,"1,899.50","1,903.00",+ 0.18
Bombay Oxygen Invest,X,"10,964.00","10,984.00",+ 0.18
Bank of India,A,78.06,78.19,+ 0.17
Titan Biotech Ltd.,X,237.95,238.35,+ 0.17
Gloster L,X,720.75,722.00,+ 0.17
Duropack Ltd,XT,114.80,115.00,+ 0.17
Selan Exploratio,B,271.95,272.40,+ 0.17
Motor & General,T,28.75,28.80,+ 0.17
Piramal Enterprises,A,739.00,740.25,+ 0.17
Global Vectra Helico,B,58.75,58.85,+ 0.17
Landmark Property De,B,5.98,5.99,+ 0.17
Umang Dairies Ltd.,B,59.18,59.28,+ 0.17
Torrent Power Ltd.,A,538.60,539.50,+ 0.17
Ddev Plastiks Indust,X,114.55,114.75,+ 0.17
Foods & Inns,B,143.55,143.80,+ 0.17
Kotak Mahindra Bank,A,"1,959.95","1,963.00",+ 0.16
Fino Payments Bank,B,213.35,213.70,+ 0.16
Hazoor Multi Project,X,117.81,118.00,+ 0.16
Rallis India,A,188.95,189.25,+ 0.16
Linde India,A,"4,000.90","4,007.20",+ 0.16
Securekloud Tech,B,32.25,32.30,+ 0.16
Hester Biosciences L,B,"1,788.10","1,791.00",+ 0.16
TARC,B,50.03,50.11,+ 0.16
Globus Power Gen,X,12.76,12.78,+ 0.16
Vijaya Diagnostic,A,369.40,370.00,+ 0.16
NTC Industries,X,75.62,75.74,+ 0.16
Spandana Sphoorty Fi,A,650.45,651.50,+ 0.16
Chandra Prabhu I,X,25.16,25.20,+ 0.16
OK Play India Ltd.,XT,96.85,97.00,+ 0.15
Bhagiradha Chemi,B,"1,399.35","1,401.40",+ 0.15
Piccadily Agro I,X,46.14,46.21,+ 0.15
Ishan Dyes & Che,X,59.77,59.86,+ 0.15
HDFC Bank,A,"1,652.00","1,654.50",+ 0.15
Canara Bank,A,301.00,301.45,+ 0.15
PTC Industries,A,"2,342.50","2,345.95",+ 0.15
Alicon Castalloy,B,766.95,768.00,+ 0.14
Rajnish Wellness,B,13.97,13.99,+ 0.14
Anjani Finance Ltd.,X,7.24,7.25,+ 0.14
Zeal Aqua,B,6.98,6.99,+ 0.14
Aries Agro Ltd.,B,177.75,178.00,+ 0.14
Cerebra Integrat,B,7.26,7.27,+ 0.14
Maha. Seamless,A,425.30,425.90,+ 0.14
Mirc Electronics,B,13.81,13.83,+ 0.14
Raw Edge Industrial,B,41.94,42.00,+ 0.14
Ashok Leyland,A,148.80,149.00,+ 0.13
NHPC,A,44.46,44.52,+ 0.13
Kwality Pharmaceutic,B,319.60,320.00,+ 0.13
eClerx Services,A,"1,345.00","1,346.80",+ 0.13
Nippon Life AMC,A,236.15,236.45,+ 0.13
KPIT Technologies,A,896.75,897.95,+ 0.13
Trident Ltd.,A,32.06,32.10,+ 0.12
Niks Technology,MS,205.25,205.50,+ 0.12
Metroglobal,X,88.04,88.15,+ 0.12
JHS Svendgaard Labor,B,16.67,16.69,+ 0.12
MRF Ltd,A,"97,279.30","97,399.95",+ 0.12
Sri Nachammai Co,X,33.36,33.40,+ 0.12
Sunil Agro Foods,X,165.35,165.55,+ 0.12
Deepak Fertilisers,A,594.05,594.70,+ 0.11
Palred Technologies,B,133.75,133.90,+ 0.11
REC,A,131.50,131.65,+ 0.11
Pace E-Commerce Vent,M,18.57,18.59,+ 0.11
Morgan Ventures Ltd.,X,37.95,37.99,+ 0.11
Centum Electronics L,B,788.55,789.40,+ 0.11
MSP Steel & Power Lt,B,8.71,8.72,+ 0.11
Surana Telecom and P,B,9.16,9.17,+ 0.11
Saint-Gobain Sekurit,X,91.96,92.06,+ 0.11
Tata Coffee,A,229.65,229.90,+ 0.11
Veeram Securities,B,9.17,9.18,+ 0.11
Hemisphere Propertie,A,93.14,93.24,+ 0.11
Gufic BioSciences Lt,B,210.40,210.60,+ 0.10
Indian Acrylics,X,10.11,10.12,+ 0.10
Tata Communications,A,"1,276.75","1,278.00",+ 0.10
Sun Pharma Advanced,A,196.55,196.75,+ 0.10
Rites Ltd.,A,403.80,404.20,+ 0.10
Duncan Engineering,X,478.00,478.50,+ 0.10
VRL Logistics Ltd.,A,639.50,640.10,+ 0.09
ONGC,A,166.95,167.10,+ 0.09
Visa Steel,T,11.10,11.11,+ 0.09
Murudeshwar Cer.,B,38.02,38.05,+ 0.08
Crompton Greaves Con,A,256.80,257.00,+ 0.08
Shiva Texyarn Ltd.,B,122.90,123.00,+ 0.08
Diana Tea Compan,X,23.68,23.70,+ 0.08
Active Clothing Co,T,39.97,40.00,+ 0.08
Goa Carbons,B,510.10,510.50,+ 0.08
Maestros Electronics,X,45.17,45.20,+ 0.07
Shree Renuka Sugars,A,44.37,44.40,+ 0.07
Galaxy Bearings,XT,"1,137.65","1,138.50",+ 0.07
Sahyadri Industries,B,364.75,365.00,+ 0.07
National Alumini,A,82.89,82.95,+ 0.07
Persistent Systems,A,"4,670.70","4,673.80",+ 0.07
Alok Industries Ltd.,B,13.56,13.57,+ 0.07
Kilitch Drugs(I),B,210.85,211.00,+ 0.07
Samkrg Pistons & Rin,X,140.40,140.50,+ 0.07
Guj. Containers,P,152.00,152.10,+ 0.07
Home First Finance,A,714.55,715.00,+ 0.06
SAL Steel,B,17.70,17.71,+ 0.06
Virinchi L,X,31.60,31.62,+ 0.06
Voith Paper Fabrics,X,"1,089.40","1,090.00",+ 0.06
Plastiblends Ind,B,172.90,173.00,+ 0.06
Shilpa Medicare L,A,257.75,257.90,+ 0.06
Bharat Bijlee,B,"2,883.30","2,885.10",+ 0.06
Emmbi Industries,B,90.15,90.20,+ 0.06
Captain Polyplast L,X,19.94,19.95,+ 0.05
Meghmani Organics,A,83.96,84.00,+ 0.05
SPEL Semiconduct,X,41.82,41.84,+ 0.05
Centrum Capital,B,19.19,19.20,+ 0.05
Renaissance Global,B,88.46,88.50,+ 0.05
Nesco Ltd.,A,595.45,595.75,+ 0.05
Suditi Hosiery,X,18.99,19.00,+ 0.05
Lloyds Steels Ind.,A,21.13,21.14,+ 0.05
Aro Granite Indu,B,41.98,42.00,+ 0.05
Inox Wind Ltd.,B,112.85,112.90,+ 0.04
Elegant Marbles,X,118.85,118.90,+ 0.04
Punj. NationlBak,A,48.49,48.51,+ 0.04
Victoria Mills,X,"2,250.00","2,251.00",+ 0.04
Jagsonpal Pharma,B,334.85,335.00,+ 0.04
Dharni Capital Serv,M,23.01,23.02,+ 0.04
POCL Enterprises,X,132.95,133.00,+ 0.04
Bombay Burmah,A,964.60,965.00,+ 0.04
Coal India,A,236.50,236.60,+ 0.04
Kilburn Engg.,XT,116.70,116.75,+ 0.04
Prime Securities,B,115.00,115.05,+ 0.04
JITF Infralogistics,T,135.95,136.00,+ 0.04
Electrotherm (In,B,63.48,63.50,+ 0.03
Transcorp Inter,X,31.99,32.00,+ 0.03
M&M Fin.Services,A,285.85,285.95,+ 0.03
Nestle India,A,"22,060.55","22,066.10",+ 0.03
Hilton Metal Forging,T,143.95,144.00,+ 0.03
Sarthak Metals,B,189.85,189.90,+ 0.03
Indo Cotspin,XT,35.01,35.02,+ 0.03
Bank of Baroda,A,178.45,178.50,+ 0.03
BASF India Lt,A,"2,399.40","2,400.00",+ 0.03
Archit Organosys,X,74.57,74.59,+ 0.03
Ramkrishna Forgings,A,338.80,338.90,+ 0.03
Finolex Industries,A,184.85,184.90,+ 0.03
Intl. Combustion,X,527.35,527.50,+ 0.03
GNA Axles,B,768.50,768.70,+ 0.03
Bharat Petroleum,A,372.15,372.25,+ 0.03
Tarsons Products,A,557.45,557.55,+ 0.02
GlaxoSmithKline Phar,A,"1,283.00","1,283.30",+ 0.02
Vistar Amar,X,297.60,297.65,+ 0.02
Deep Polymers,B,95.40,95.42,+ 0.02
Axtel Industries,X,260.95,261.00,+ 0.02
Medicamen Biotec,B,685.85,686.00,+ 0.02
Union Bank of In,A,70.37,70.38,+ 0.01
Apollo Hospitals,A,"4,602.95","4,603.30",+ 0.01
Dhoot Industrial,X,72.49,72.50,+ 0.01
DCM Shriram In,B,72.02,72.03,+ 0.01
Rane Brake Lining Lt,B,714.95,715.00,+ 0.01
Maha Rashtra Ape,B,96.00,96.01,+ 0.01
